{
"type": "FeatureCollection",
"name": "caminos rurales",
"crs": { "type": "name", "properties": { "name": "urn:ogc:def:crs:OGC:1.3:CRS84" } },
"features": [
{ "type": "Feature", "properties": { "Longitud K": null, "id": "1", "Estado": null, "Espejo Agu": null, "NombreCami": null }, "geometry": { "type": "MultiLineString", "coordinates": [ ] } },
{ "type": "Feature", "properties": { "Longitud K": null, "id": "1", "Estado": null, "Espejo Agu": null, "NombreCami": null }, "geometry": { "type": "MultiLineString", "coordinates": [ ] } },
{ "type": "Feature", "properties": { "Longitud K": null, "id": "1", "Estado": null, "Espejo Agu": null, "NombreCami": null }, "geometry": { "type": "MultiLineString", "coordinates": [ ] } },
{ "type": "Feature", "properties": { "Longitud K": null, "id": "1", "Estado": null, "Espejo Agu": null, "NombreCami": null }, "geometry": { "type": "MultiLineString", "coordinates": [ ] } },
{ "type": "Feature", "properties": { "Longitud K": null, "id": "1", "Estado": null, "Espejo Agu": null, "NombreCami": null }, "geometry": { "type": "MultiLineString", "coordinates": [ ] } },
{ "type": "Feature", "properties": { "Longitud K": null, "id": "1", "Estado": null, "Espejo Agu": null, "NombreCami": null }, "geometry": { "type": "MultiLineString", "coordinates": [ ] } },
{ "type": "Feature", "properties": { "Longitud K": null, "id": "1", "Estado": null, "Espejo Agu": null, "NombreCami": null }, "geometry": { "type": "MultiLineString", "coordinates": [ ] } },
{ "type": "Feature", "properties": { "Longitud K": null, "id": "1", "Estado": null, "Espejo Agu": null, "NombreCami": null }, "geometry": { "type": "MultiLineString", "coordinates": [ ] } },
{ "type": "Feature", "properties": { "Longitud K": null, "id": "1", "Estado": null, "Espejo Agu": null, "NombreCami": null }, "geometry": { "type": "MultiLineString", "coordinates": [ ] } },
{ "type": "Feature", "properties": { "Longitud K": null, "id": "1", "Estado": null, "Espejo Agu": null, "NombreCami": null }, "geometry": { "type": "MultiLineString", "coordinates": [ ] } },
{ "type": "Feature", "properties": { "Longitud K": null, "id": "1", "Estado": null, "Espejo Agu": null, "NombreCami": null }, "geometry": { "type": "MultiLineString", "coordinates": [ ] } },
{ "type": "Feature", "properties": { "Longitud K": null, "id": "1", "Estado": null, "Espejo Agu": null, "NombreCami": null }, "geometry": { "type": "MultiLineString", "coordinates": [ ] } },
{ "type": "Feature", "properties": { "Longitud K": null, "id": "1", "Estado": null, "Espejo Agu": null, "NombreCami": null }, "geometry": { "type": "MultiLineString", "coordinates": [ ] } },
{ "type": "Feature", "properties": { "Longitud K": null, "id": "1", "Estado": null, "Espejo Agu": null, "NombreCami": null }, "geometry": { "type": "MultiLineString", "coordinates": [ ] } },
{ "type": "Feature", "properties": { "Longitud K": null, "id": "1", "Estado": null, "Espejo Agu": null, "NombreCami": null }, "geometry": { "type": "MultiLineString", "coordinates": [ ] } },
{ "type": "Feature", "properties": { "Longitud K": null, "id": "1", "Estado": null, "Espejo Agu": null, "NombreCami": null }, "geometry": { "type": "MultiLineString", "coordinates": [ ] } },
{ "type": "Feature", "properties": { "Longitud K": null, "id": "1", "Estado": null, "Espejo Agu": null, "NombreCami": null }, "geometry": { "type": "MultiLineString", "coordinates": [ ] } },
{ "type": "Feature", "properties": { "Longitud K": null, "id": "1", "Estado": null, "Espejo Agu": null, "NombreCami": null }, "geometry": { "type": "MultiLineString", "coordinates": [ ] } },
{ "type": "Feature", "properties": { "Longitud K": null, "id": "1", "Estado": null, "Espejo Agu": null, "NombreCami": null }, "geometry": { "type": "MultiLineString", "coordinates": [ ] } },
{ "type": "Feature", "properties": { "Longitud K": null, "id": "1", "Estado": null, "Espejo Agu": null, "NombreCami": null }, "geometry": { "type": "MultiLineString", "coordinates": [ ] } },
{ "type": "Feature", "properties": { "Longitud K": null, "id": "1", "Estado": null, "Espejo Agu": null, "NombreCami": null }, "geometry": { "type": "MultiLineString", "coordinates": [ ] } },
{ "type": "Feature", "properties": { "Longitud K": null, "id": "1", "Estado": null, "Espejo Agu": null, "NombreCami": null }, "geometry": { "type": "MultiLineString", "coordinates": [ ] } },
{ "type": "Feature", "properties": { "Longitud K": null, "id": "1", "Estado": null, "Espejo Agu": null, "NombreCami": null }, "geometry": { "type": "MultiLineString", "coordinates": [ ] } },
{ "type": "Feature", "properties": { "Longitud K": null, "id": "1", "Estado": null, "Espejo Agu": null, "NombreCami": null }, "geometry": { "type": "MultiLineString", "coordinates": [ ] } },
{ "type": "Feature", "properties": { "Longitud K": null, "id": "1", "Estado": null, "Espejo Agu": null, "NombreCami": null }, "geometry": { "type": "MultiLineString", "coordinates": [ ] } },
{ "type": "Feature", "properties": { "Longitud K": null, "id": "1", "Estado": null, "Espejo Agu": null, "NombreCami": null }, "geometry": { "type": "MultiLineString", "coordinates": [ ] } },
{ "type": "Feature", "properties": { "Longitud K": null, "id": "1", "Estado": null, "Espejo Agu": null, "NombreCami": null }, "geometry": { "type": "MultiLineString", "coordinates": [ ] } },
{ "type": "Feature", "properties": { "Longitud K": null, "id": "1", "Estado": null, "Espejo Agu": null, "NombreCami": null }, "geometry": { "type": "MultiLineString", "coordinates": [ ] } },
{ "type": "Feature", "properties": { "Longitud K": null, "id": "1", "Estado": null, "Espejo Agu": null, "NombreCami": null }, "geometry": { "type": "MultiLineString", "coordinates": [ ] } },
{ "type": "Feature", "properties": { "Longitud K": null, "id": "1", "Estado": null, "Espejo Agu": null, "NombreCami": null }, "geometry": { "type": "MultiLineString", "coordinates": [ ] } },
{ "type": "Feature", "properties": { "Longitud K": null, "id": "1", "Estado": null, "Espejo Agu": null, "NombreCami": null }, "geometry": { "type": "MultiLineString", "coordinates": [ ] } },
{ "type": "Feature", "properties": { "Longitud K": null, "id": "1", "Estado": null, "Espejo Agu": null, "NombreCami": null }, "geometry": { "type": "MultiLineString", "coordinates": [ ] } },
{ "type": "Feature", "properties": { "Longitud K": null, "id": "1", "Estado": null, "Espejo Agu": null, "NombreCami": null }, "geometry": { "type": "MultiLineString", "coordinates": [ ] } },
{ "type": "Feature", "properties": { "Longitud K": null, "id": "1", "Estado": null, "Espejo Agu": null, "NombreCami": null }, "geometry": { "type": "MultiLineString", "coordinates": [ ] } },
{ "type": "Feature", "properties": { "Longitud K": null, "id": "1", "Estado": null, "Espejo Agu": null, "NombreCami": null }, "geometry": { "type": "MultiLineString", "coordinates": [ ] } },
{ "type": "Feature", "properties": { "Longitud K": null, "id": "1", "Estado": null, "Espejo Agu": null, "NombreCami": null }, "geometry": { "type": "MultiLineString", "coordinates": [ ] } },
{ "type": "Feature", "properties": { "Longitud K": null, "id": "1", "Estado": null, "Espejo Agu": null, "NombreCami": null }, "geometry": { "type": "MultiLineString", "coordinates": [ ] } },
{ "type": "Feature", "properties": { "Longitud K": null, "id": "1", "Estado": null, "Espejo Agu": null, "NombreCami": null }, "geometry": { "type": "MultiLineString", "coordinates": [ ] } },
{ "type": "Feature", "properties": { "Longitud K": null, "id": "1", "Estado": null, "Espejo Agu": null, "NombreCami": null }, "geometry": { "type": "MultiLineString", "coordinates": [ ] } },
{ "type": "Feature", "properties": { "Longitud K": null, "id": "1", "Estado": null, "Espejo Agu": null, "NombreCami": null }, "geometry": { "type": "MultiLineString", "coordinates": [ ] } },
{ "type": "Feature", "properties": { "Longitud K": null, "id": "1", "Estado": null, "Espejo Agu": null, "NombreCami": null }, "geometry": { "type": "MultiLineString", "coordinates": [ ] } },
{ "type": "Feature", "properties": { "Longitud K": null, "id": "1", "Estado": null, "Espejo Agu": null, "NombreCami": null }, "geometry": { "type": "MultiLineString", "coordinates": [ ] } },
{ "type": "Feature", "properties": { "Longitud K": null, "id": "1", "Estado": null, "Espejo Agu": null, "NombreCami": null }, "geometry": { "type": "MultiLineString", "coordinates": [ ] } },
{ "type": "Feature", "properties": { "Longitud K": null, "id": "1", "Estado": null, "Espejo Agu": null, "NombreCami": null }, "geometry": { "type": "MultiLineString", "coordinates": [ ] } },
{ "type": "Feature", "properties": { "Longitud K": null, "id": "1", "Estado": null, "Espejo Agu": null, "NombreCami": null }, "geometry": { "type": "MultiLineString", "coordinates": [ ] } },
{ "type": "Feature", "properties": { "Longitud K": null, "id": "1", "Estado": null, "Espejo Agu": null, "NombreCami": null }, "geometry": { "type": "MultiLineString", "coordinates": [ ] } },
{ "type": "Feature", "properties": { "Longitud K": null, "id": "1", "Estado": null, "Espejo Agu": null, "NombreCami": null }, "geometry": { "type": "MultiLineString", "coordinates": [ ] } },
{ "type": "Feature", "properties": { "Longitud K": null, "id": "1", "Estado": null, "Espejo Agu": null, "NombreCami": null }, "geometry": { "type": "MultiLineString", "coordinates": [ ] } },
{ "type": "Feature", "properties": { "Longitud K": null, "id": "1", "Estado": null, "Espejo Agu": null, "NombreCami": null }, "geometry": { "type": "MultiLineString", "coordinates": [ ] } },
{ "type": "Feature", "properties": { "Longitud K": null, "id": "1", "Estado": null, "Espejo Agu": null, "NombreCami": null }, "geometry": { "type": "MultiLineString", "coordinates": [ ] } },
{ "type": "Feature", "properties": { "Longitud K": null, "id": "1", "Estado": null, "Espejo Agu": null, "NombreCami": null }, "geometry": { "type": "MultiLineString", "coordinates": [ ] } },
{ "type": "Feature", "properties": { "Longitud K": null, "id": "1", "Estado": null, "Espejo Agu": null, "NombreCami": null }, "geometry": { "type": "MultiLineString", "coordinates": [ ] } },
{ "type": "Feature", "properties": { "Longitud K": null, "id": "1", "Estado": null, "Espejo Agu": null, "NombreCami": null }, "geometry": { "type": "MultiLineString", "coordinates": [ ] } },
{ "type": "Feature", "properties": { "Longitud K": null, "id": "1", "Estado": null, "Espejo Agu": null, "NombreCami": null }, "geometry": { "type": "MultiLineString", "coordinates": [ ] } },
{ "type": "Feature", "properties": { "Longitud K": null, "id": "1", "Estado": null, "Espejo Agu": null, "NombreCami": null }, "geometry": { "type": "MultiLineString", "coordinates": [ ] } },
{ "type": "Feature", "properties": { "Longitud K": null, "id": "1", "Estado": null, "Espejo Agu": null, "NombreCami": null }, "geometry": { "type": "MultiLineString", "coordinates": [ ] } },
{ "type": "Feature", "properties": { "Longitud K": null, "id": "1", "Estado": null, "Espejo Agu": null, "NombreCami": null }, "geometry": { "type": "MultiLineString", "coordinates": [ ] } },
{ "type": "Feature", "properties": { "Longitud K": null, "id": "1", "Estado": null, "Espejo Agu": null, "NombreCami": null }, "geometry": { "type": "MultiLineString", "coordinates": [ ] } },
{ "type": "Feature", "properties": { "Longitud K": null, "id": "1", "Estado": null, "Espejo Agu": null, "NombreCami": null }, "geometry": { "type": "MultiLineString", "coordinates": [ ] } },
{ "type": "Feature", "properties": { "Longitud K": null, "id": "1", "Estado": null, "Espejo Agu": null, "NombreCami": null }, "geometry": { "type": "MultiLineString", "coordinates": [ ] } },
{ "type": "Feature", "properties": { "Longitud K": null, "id": "1", "Estado": null, "Espejo Agu": null, "NombreCami": null }, "geometry": { "type": "MultiLineString", "coordinates": [ ] } },
{ "type": "Feature", "properties": { "Longitud K": null, "id": "1", "Estado": null, "Espejo Agu": null, "NombreCami": null }, "geometry": { "type": "MultiLineString", "coordinates": [ ] } },
{ "type": "Feature", "properties": { "Longitud K": null, "id": "1", "Estado": null, "Espejo Agu": null, "NombreCami": null }, "geometry": { "type": "MultiLineString", "coordinates": [ ] } },
{ "type": "Feature", "properties": { "Longitud K": null, "id": "1", "Estado": null, "Espejo Agu": null, "NombreCami": null }, "geometry": { "type": "MultiLineString", "coordinates": [ ] } },
{ "type": "Feature", "properties": { "Longitud K": null, "id": "1", "Estado": null, "Espejo Agu": null, "NombreCami": null }, "geometry": { "type": "MultiLineString", "coordinates": [ ] } },
{ "type": "Feature", "properties": { "Longitud K": null, "id": "1", "Estado": null, "Espejo Agu": null, "NombreCami": null }, "geometry": { "type": "MultiLineString", "coordinates": [ ] } },
{ "type": "Feature", "properties": { "Longitud K": null, "id": "1", "Estado": null, "Espejo Agu": null, "NombreCami": null }, "geometry": { "type": "MultiLineString", "coordinates": [ ] } },
{ "type": "Feature", "properties": { "Longitud K": null, "id": "1", "Estado": null, "Espejo Agu": null, "NombreCami": null }, "geometry": { "type": "MultiLineString", "coordinates": [ ] } },
{ "type": "Feature", "properties": { "Longitud K": null, "id": "1", "Estado": null, "Espejo Agu": null, "NombreCami": null }, "geometry": { "type": "MultiLineString", "coordinates": [ ] } },
{ "type": "Feature", "properties": { "Longitud K": null, "id": "1", "Estado": null, "Espejo Agu": null, "NombreCami": null }, "geometry": { "type": "MultiLineString", "coordinates": [ ] } },
{ "type": "Feature", "properties": { "Longitud K": null, "id": "1", "Estado": null, "Espejo Agu": null, "NombreCami": null }, "geometry": { "type": "MultiLineString", "coordinates": [ ] } },
{ "type": "Feature", "properties": { "Longitud K": null, "id": "1", "Estado": null, "Espejo Agu": null, "NombreCami": null }, "geometry": { "type": "MultiLineString", "coordinates": [ ] } },
{ "type": "Feature", "properties": { "Longitud K": null, "id": "1", "Estado": null, "Espejo Agu": null, "NombreCami": null }, "geometry": { "type": "MultiLineString", "coordinates": [ ] } },
{ "type": "Feature", "properties": { "Longitud K": null, "id": "1", "Estado": null, "Espejo Agu": null, "NombreCami": null }, "geometry": { "type": "MultiLineString", "coordinates": [ ] } },
{ "type": "Feature", "properties": { "Longitud K": null, "id": "1", "Estado": null, "Espejo Agu": null, "NombreCami": null }, "geometry": { "type": "MultiLineString", "coordinates": [ ] } },
{ "type": "Feature", "properties": { "Longitud K": null, "id": "1", "Estado": null, "Espejo Agu": null, "NombreCami": null }, "geometry": { "type": "MultiLineString", "coordinates": [ ] } },
{ "type": "Feature", "properties": { "Longitud K": null, "id": "1", "Estado": null, "Espejo Agu": null, "NombreCami": null }, "geometry": { "type": "MultiLineString", "coordinates": [ ] } },
{ "type": "Feature", "properties": { "Longitud K": null, "id": "1", "Estado": null, "Espejo Agu": null, "NombreCami": null }, "geometry": { "type": "MultiLineString", "coordinates": [ ] } },
{ "type": "Feature", "properties": { "Longitud K": null, "id": "1", "Estado": null, "Espejo Agu": null, "NombreCami": null }, "geometry": { "type": "MultiLineString", "coordinates": [ ] } },
{ "type": "Feature", "properties": { "Longitud K": null, "id": "1", "Estado": null, "Espejo Agu": null, "NombreCami": null }, "geometry": { "type": "MultiLineString", "coordinates": [ ] } },
{ "type": "Feature", "properties": { "Longitud K": null, "id": "1", "Estado": null, "Espejo Agu": null, "NombreCami": null }, "geometry": { "type": "MultiLineString", "coordinates": [ ] } },
{ "type": "Feature", "properties": { "Longitud K": null, "id": "1", "Estado": null, "Espejo Agu": null, "NombreCami": null }, "geometry": { "type": "MultiLineString", "coordinates": [ ] } },
{ "type": "Feature", "properties": { "Longitud K": null, "id": "1", "Estado": null, "Espejo Agu": null, "NombreCami": null }, "geometry": { "type": "MultiLineString", "coordinates": [ ] } },
{ "type": "Feature", "properties": { "Longitud K": null, "id": "1", "Estado": null, "Espejo Agu": null, "NombreCami": null }, "geometry": { "type": "MultiLineString", "coordinates": [ ] } },
{ "type": "Feature", "properties": { "Longitud K": null, "id": "1", "Estado": null, "Espejo Agu": null, "NombreCami": null }, "geometry": { "type": "MultiLineString", "coordinates": [ ] } },
{ "type": "Feature", "properties": { "Longitud K": null, "id": "1", "Estado": null, "Espejo Agu": null, "NombreCami": null }, "geometry": { "type": "MultiLineString", "coordinates": [ ] } },
{ "type": "Feature", "properties": { "Longitud K": null, "id": "1", "Estado": null, "Espejo Agu": null, "NombreCami": null }, "geometry": { "type": "MultiLineString", "coordinates": [ ] } },
{ "type": "Feature", "properties": { "Longitud K": null, "id": "1", "Estado": null, "Espejo Agu": null, "NombreCami": null }, "geometry": { "type": "MultiLineString", "coordinates": [ ] } },
{ "type": "Feature", "properties": { "Longitud K": null, "id": "1", "Estado": null, "Espejo Agu": null, "NombreCami": null }, "geometry": { "type": "MultiLineString", "coordinates": [ ] } },
{ "type": "Feature", "properties": { "Longitud K": null, "id": "1", "Estado": null, "Espejo Agu": null, "NombreCami": null }, "geometry": { "type": "MultiLineString", "coordinates": [ ] } },
{ "type": "Feature", "properties": { "Longitud K": null, "id": "1", "Estado": null, "Espejo Agu": null, "NombreCami": null }, "geometry": { "type": "MultiLineString", "coordinates": [ ] } },
{ "type": "Feature", "properties": { "Longitud K": null, "id": "1", "Estado": null, "Espejo Agu": null, "NombreCami": null }, "geometry": { "type": "MultiLineString", "coordinates": [ ] } },
{ "type": "Feature", "properties": { "Longitud K": null, "id": "1", "Estado": null, "Espejo Agu": null, "NombreCami": null }, "geometry": { "type": "MultiLineString", "coordinates": [ ] } },
{ "type": "Feature", "properties": { "Longitud K": null, "id": "1", "Estado": null, "Espejo Agu": null, "NombreCami": null }, "geometry": { "type": "MultiLineString", "coordinates": [ ] } },
{ "type": "Feature", "properties": { "Longitud K": null, "id": "1", "Estado": null, "Espejo Agu": null, "NombreCami": null }, "geometry": { "type": "MultiLineString", "coordinates": [ ] } },
{ "type": "Feature", "properties": { "Longitud K": null, "id": "1", "Estado": null, "Espejo Agu": null, "NombreCami": null }, "geometry": { "type": "MultiLineString", "coordinates": [ ] } },
{ "type": "Feature", "properties": { "Longitud K": null, "id": "1", "Estado": null, "Espejo Agu": null, "NombreCami": null }, "geometry": { "type": "MultiLineString", "coordinates": [ ] } },
{ "type": "Feature", "properties": { "Longitud K": null, "id": "1", "Estado": null, "Espejo Agu": null, "NombreCami": null }, "geometry": { "type": "MultiLineString", "coordinates": [ ] } },
{ "type": "Feature", "properties": { "Longitud K": null, "id": "1", "Estado": null, "Espejo Agu": null, "NombreCami": null }, "geometry": { "type": "MultiLineString", "coordinates": [ ] } },
{ "type": "Feature", "properties": { "Longitud K": null, "id": "1", "Estado": null, "Espejo Agu": null, "NombreCami": null }, "geometry": { "type": "MultiLineString", "coordinates": [ ] } },
{ "type": "Feature", "properties": { "Longitud K": null, "id": "1", "Estado": null, "Espejo Agu": null, "NombreCami": null }, "geometry": { "type": "MultiLineString", "coordinates": [ ] } },
{ "type": "Feature", "properties": { "Longitud K": null, "id": "1", "Estado": null, "Espejo Agu": null, "NombreCami": null }, "geometry": { "type": "MultiLineString", "coordinates": [ ] } },
{ "type": "Feature", "properties": { "Longitud K": null, "id": "1", "Estado": null, "Espejo Agu": null, "NombreCami": null }, "geometry": { "type": "MultiLineString", "coordinates": [ ] } },
{ "type": "Feature", "properties": { "Longitud K": null, "id": "1", "Estado": null, "Espejo Agu": null, "NombreCami": null }, "geometry": { "type": "MultiLineString", "coordinates": [ ] } },
{ "type": "Feature", "properties": { "Longitud K": null, "id": "1", "Estado": null, "Espejo Agu": null, "NombreCami": null }, "geometry": { "type": "MultiLineString", "coordinates": [ ] } },
{ "type": "Feature", "properties": { "Longitud K": null, "id": "1", "Estado": null, "Espejo Agu": null, "NombreCami": null }, "geometry": { "type": "MultiLineString", "coordinates": [ ] } },
{ "type": "Feature", "properties": { "Longitud K": null, "id": "1", "Estado": null, "Espejo Agu": null, "NombreCami": null }, "geometry": { "type": "MultiLineString", "coordinates": [ ] } },
{ "type": "Feature", "properties": { "Longitud K": null, "id": "1", "Estado": null, "Espejo Agu": null, "NombreCami": null }, "geometry": { "type": "MultiLineString", "coordinates": [ ] } },
{ "type": "Feature", "properties": { "Longitud K": null, "id": "1", "Estado": null, "Espejo Agu": null, "NombreCami": null }, "geometry": { "type": "MultiLineString", "coordinates": [ ] } },
{ "type": "Feature", "properties": { "Longitud K": null, "id": "1", "Estado": null, "Espejo Agu": null, "NombreCami": null }, "geometry": { "type": "MultiLineString", "coordinates": [ ] } },
{ "type": "Feature", "properties": { "Longitud K": null, "id": "1", "Estado": null, "Espejo Agu": null, "NombreCami": null }, "geometry": { "type": "MultiLineString", "coordinates": [ ] } },
{ "type": "Feature", "properties": { "Longitud K": null, "id": "1", "Estado": null, "Espejo Agu": null, "NombreCami": null }, "geometry": { "type": "MultiLineString", "coordinates": [ ] } },
{ "type": "Feature", "properties": { "Longitud K": null, "id": "1", "Estado": null, "Espejo Agu": null, "NombreCami": null }, "geometry": { "type": "MultiLineString", "coordinates": [ ] } },
{ "type": "Feature", "properties": { "Longitud K": null, "id": "1", "Estado": null, "Espejo Agu": null, "NombreCami": null }, "geometry": { "type": "MultiLineString", "coordinates": [ ] } },
{ "type": "Feature", "properties": { "Longitud K": null, "id": "1", "Estado": null, "Espejo Agu": null, "NombreCami": null }, "geometry": { "type": "MultiLineString", "coordinates": [ ] } },
{ "type": "Feature", "properties": { "Longitud K": null, "id": "1", "Estado": null, "Espejo Agu": null, "NombreCami": null }, "geometry": { "type": "MultiLineString", "coordinates": [ ] } },
{ "type": "Feature", "properties": { "Longitud K": null, "id": "1", "Estado": null, "Espejo Agu": null, "NombreCami": null }, "geometry": { "type": "MultiLineString", "coordinates": [ ] } },
{ "type": "Feature", "properties": { "Longitud K": null, "id": "1", "Estado": null, "Espejo Agu": null, "NombreCami": null }, "geometry": { "type": "MultiLineString", "coordinates": [ ] } },
{ "type": "Feature", "properties": { "Longitud K": null, "id": "1", "Estado": null, "Espejo Agu": null, "NombreCami": null }, "geometry": { "type": "MultiLineString", "coordinates": [ ] } },
{ "type": "Feature", "properties": { "Longitud K": null, "id": "1", "Estado": null, "Espejo Agu": null, "NombreCami": null }, "geometry": { "type": "MultiLineString", "coordinates": [ ] } },
{ "type": "Feature", "properties": { "Longitud K": null, "id": "1", "Estado": null, "Espejo Agu": null, "NombreCami": null }, "geometry": { "type": "MultiLineString", "coordinates": [ ] } },
{ "type": "Feature", "properties": { "Longitud K": null, "id": "1", "Estado": null, "Espejo Agu": null, "NombreCami": null }, "geometry": { "type": "MultiLineString", "coordinates": [ ] } },
{ "type": "Feature", "properties": { "Longitud K": null, "id": "1", "Estado": null, "Espejo Agu": null, "NombreCami": null }, "geometry": { "type": "MultiLineString", "coordinates": [ ] } },
{ "type": "Feature", "properties": { "Longitud K": null, "id": "1", "Estado": null, "Espejo Agu": null, "NombreCami": null }, "geometry": { "type": "MultiLineString", "coordinates": [ ] } },
{ "type": "Feature", "properties": { "Longitud K": null, "id": "1", "Estado": null, "Espejo Agu": null, "NombreCami": null }, "geometry": { "type": "MultiLineString", "coordinates": [ ] } },
{ "type": "Feature", "properties": { "Longitud K": null, "id": "1", "Estado": null, "Espejo Agu": null, "NombreCami": null }, "geometry": { "type": "MultiLineString", "coordinates": [ ] } },
{ "type": "Feature", "properties": { "Longitud K": null, "id": "1", "Estado": null, "Espejo Agu": null, "NombreCami": null }, "geometry": { "type": "MultiLineString", "coordinates": [ ] } },
{ "type": "Feature", "properties": { "Longitud K": null, "id": "1", "Estado": null, "Espejo Agu": null, "NombreCami": null }, "geometry": { "type": "MultiLineString", "coordinates": [ ] } },
{ "type": "Feature", "properties": { "Longitud K": null, "id": "1", "Estado": null, "Espejo Agu": null, "NombreCami": null }, "geometry": { "type": "MultiLineString", "coordinates": [ ] } },
{ "type": "Feature", "properties": { "Longitud K": null, "id": "1", "Estado": null, "Espejo Agu": null, "NombreCami": null }, "geometry": { "type": "MultiLineString", "coordinates": [ ] } },
{ "type": "Feature", "properties": { "Longitud K": null, "id": "1", "Estado": null, "Espejo Agu": null, "NombreCami": null }, "geometry": { "type": "MultiLineString", "coordinates": [ ] } },
{ "type": "Feature", "properties": { "Longitud K": null, "id": "1", "Estado": null, "Espejo Agu": null, "NombreCami": null }, "geometry": { "type": "MultiLineString", "coordinates": [ ] } },
{ "type": "Feature", "properties": { "Longitud K": null, "id": "1", "Estado": null, "Espejo Agu": null, "NombreCami": null }, "geometry": { "type": "MultiLineString", "coordinates": [ ] } },
{ "type": "Feature", "properties": { "Longitud K": null, "id": "1", "Estado": null, "Espejo Agu": null, "NombreCami": null }, "geometry": { "type": "MultiLineString", "coordinates": [ ] } },
{ "type": "Feature", "properties": { "Longitud K": null, "id": "1", "Estado": null, "Espejo Agu": null, "NombreCami": null }, "geometry": { "type": "MultiLineString", "coordinates": [ ] } },
{ "type": "Feature", "properties": { "Longitud K": null, "id": "1", "Estado": null, "Espejo Agu": null, "NombreCami": null }, "geometry": { "type": "MultiLineString", "coordinates": [ ] } },
{ "type": "Feature", "properties": { "Longitud K": null, "id": "1", "Estado": null, "Espejo Agu": null, "NombreCami": null }, "geometry": { "type": "MultiLineString", "coordinates": [ ] } },
{ "type": "Feature", "properties": { "Longitud K": null, "id": "1", "Estado": null, "Espejo Agu": null, "NombreCami": null }, "geometry": { "type": "MultiLineString", "coordinates": [ ] } },
{ "type": "Feature", "properties": { "Longitud K": null, "id": "1", "Estado": null, "Espejo Agu": null, "NombreCami": null }, "geometry": { "type": "MultiLineString", "coordinates": [ ] } },
{ "type": "Feature", "properties": { "Longitud K": null, "id": "1", "Estado": null, "Espejo Agu": null, "NombreCami": null }, "geometry": { "type": "MultiLineString", "coordinates": [ ] } },
{ "type": "Feature", "properties": { "Longitud K": null, "id": "1", "Estado": null, "Espejo Agu": null, "NombreCami": null }, "geometry": { "type": "MultiLineString", "coordinates": [ ] } },
{ "type": "Feature", "properties": { "Longitud K": null, "id": "1", "Estado": null, "Espejo Agu": null, "NombreCami": null }, "geometry": { "type": "MultiLineString", "coordinates": [ ] } },
{ "type": "Feature", "properties": { "Longitud K": null, "id": "1", "Estado": null, "Espejo Agu": null, "NombreCami": null }, "geometry": { "type": "MultiLineString", "coordinates": [ ] } },
{ "type": "Feature", "properties": { "Longitud K": null, "id": "1", "Estado": null, "Espejo Agu": null, "NombreCami": null }, "geometry": { "type": "MultiLineString", "coordinates": [ ] } },
{ "type": "Feature", "properties": { "Longitud K": null, "id": "1", "Estado": null, "Espejo Agu": null, "NombreCami": null }, "geometry": { "type": "MultiLineString", "coordinates": [ ] } },
{ "type": "Feature", "properties": { "Longitud K": null, "id": "1", "Estado": null, "Espejo Agu": null, "NombreCami": null }, "geometry": { "type": "MultiLineString", "coordinates": [ ] } },
{ "type": "Feature", "properties": { "Longitud K": null, "id": "1", "Estado": null, "Espejo Agu": null, "NombreCami": null }, "geometry": { "type": "MultiLineString", "coordinates": [ ] } },
{ "type": "Feature", "properties": { "Longitud K": null, "id": "1", "Estado": null, "Espejo Agu": null, "NombreCami": null }, "geometry": { "type": "MultiLineString", "coordinates": [ ] } },
{ "type": "Feature", "properties": { "Longitud K": null, "id": "1", "Estado": null, "Espejo Agu": null, "NombreCami": null }, "geometry": { "type": "MultiLineString", "coordinates": [ ] } },
{ "type": "Feature", "properties": { "Longitud K": null, "id": "1", "Estado": null, "Espejo Agu": null, "NombreCami": null }, "geometry": { "type": "MultiLineString", "coordinates": [ ] } },
{ "type": "Feature", "properties": { "Longitud K": null, "id": "1", "Estado": null, "Espejo Agu": null, "NombreCami": null }, "geometry": { "type": "MultiLineString", "coordinates": [ ] } },
{ "type": "Feature", "properties": { "Longitud K": null, "id": "1", "Estado": null, "Espejo Agu": null, "NombreCami": null }, "geometry": { "type": "MultiLineString", "coordinates": [ ] } },
{ "type": "Feature", "properties": { "Longitud K": null, "id": "1", "Estado": null, "Espejo Agu": null, "NombreCami": null }, "geometry": { "type": "MultiLineString", "coordinates": [ ] } },
{ "type": "Feature", "properties": { "Longitud K": null, "id": "1", "Estado": null, "Espejo Agu": null, "NombreCami": null }, "geometry": { "type": "MultiLineString", "coordinates": [ ] } },
{ "type": "Feature", "properties": { "Longitud K": null, "id": "1", "Estado": null, "Espejo Agu": null, "NombreCami": null }, "geometry": { "type": "MultiLineString", "coordinates": [ ] } },
{ "type": "Feature", "properties": { "Longitud K": null, "id": "1", "Estado": null, "Espejo Agu": null, "NombreCami": null }, "geometry": { "type": "MultiLineString", "coordinates": [ ] } },
{ "type": "Feature", "properties": { "Longitud K": null, "id": "1", "Estado": null, "Espejo Agu": null, "NombreCami": null }, "geometry": { "type": "MultiLineString", "coordinates": [ ] } },
{ "type": "Feature", "properties": { "Longitud K": null, "id": "1", "Estado": null, "Espejo Agu": null, "NombreCami": null }, "geometry": { "type": "MultiLineString", "coordinates": [ ] } },
{ "type": "Feature", "properties": { "Longitud K": null, "id": "1", "Estado": null, "Espejo Agu": null, "NombreCami": null }, "geometry": { "type": "MultiLineString", "coordinates": [ ] } },
{ "type": "Feature", "properties": { "Longitud K": null, "id": "1", "Estado": null, "Espejo Agu": null, "NombreCami": null }, "geometry": { "type": "MultiLineString", "coordinates": [ ] } },
{ "type": "Feature", "properties": { "Longitud K": null, "id": "1", "Estado": null, "Espejo Agu": null, "NombreCami": null }, "geometry": { "type": "MultiLineString", "coordinates": [ ] } },
{ "type": "Feature", "properties": { "Longitud K": null, "id": "1", "Estado": null, "Espejo Agu": null, "NombreCami": null }, "geometry": { "type": "MultiLineString", "coordinates": [ ] } },
{ "type": "Feature", "properties": { "Longitud K": null, "id": "1", "Estado": null, "Espejo Agu": null, "NombreCami": null }, "geometry": { "type": "MultiLineString", "coordinates": [ ] } },
{ "type": "Feature", "properties": { "Longitud K": null, "id": "1", "Estado": null, "Espejo Agu": null, "NombreCami": null }, "geometry": { "type": "MultiLineString", "coordinates": [ ] } },
{ "type": "Feature", "properties": { "Longitud K": null, "id": "1", "Estado": null, "Espejo Agu": null, "NombreCami": null }, "geometry": { "type": "MultiLineString", "coordinates": [ ] } },
{ "type": "Feature", "properties": { "Longitud K": null, "id": "1", "Estado": null, "Espejo Agu": null, "NombreCami": null }, "geometry": { "type": "MultiLineString", "coordinates": [ ] } },
{ "type": "Feature", "properties": { "Longitud K": null, "id": "1", "Estado": null, "Espejo Agu": null, "NombreCami": null }, "geometry": { "type": "MultiLineString", "coordinates": [ ] } },
{ "type": "Feature", "properties": { "Longitud K": null, "id": "1", "Estado": null, "Espejo Agu": null, "NombreCami": null }, "geometry": { "type": "MultiLineString", "coordinates": [ ] } },
{ "type": "Feature", "properties": { "Longitud K": null, "id": "1", "Estado": null, "Espejo Agu": null, "NombreCami": null }, "geometry": { "type": "MultiLineString", "coordinates": [ ] } },
{ "type": "Feature", "properties": { "Longitud K": null, "id": "1", "Estado": null, "Espejo Agu": null, "NombreCami": null }, "geometry": { "type": "MultiLineString", "coordinates": [ ] } },
{ "type": "Feature", "properties": { "Longitud K": null, "id": "1", "Estado": null, "Espejo Agu": null, "NombreCami": null }, "geometry": { "type": "MultiLineString", "coordinates": [ ] } },
{ "type": "Feature", "properties": { "Longitud K": null, "id": "1", "Estado": null, "Espejo Agu": null, "NombreCami": null }, "geometry": { "type": "MultiLineString", "coordinates": [ ] } },
{ "type": "Feature", "properties": { "Longitud K": null, "id": "1", "Estado": null, "Espejo Agu": null, "NombreCami": null }, "geometry": { "type": "MultiLineString", "coordinates": [ ] } },
{ "type": "Feature", "properties": { "Longitud K": null, "id": "1", "Estado": null, "Espejo Agu": null, "NombreCami": null }, "geometry": { "type": "MultiLineString", "coordinates": [ ] } },
{ "type": "Feature", "properties": { "Longitud K": null, "id": "1", "Estado": null, "Espejo Agu": null, "NombreCami": null }, "geometry": { "type": "MultiLineString", "coordinates": [ ] } },
{ "type": "Feature", "properties": { "Longitud K": null, "id": "1", "Estado": null, "Espejo Agu": null, "NombreCami": null }, "geometry": { "type": "MultiLineString", "coordinates": [ ] } },
{ "type": "Feature", "properties": { "Longitud K": null, "id": "1", "Estado": null, "Espejo Agu": null, "NombreCami": null }, "geometry": { "type": "MultiLineString", "coordinates": [ ] } },
{ "type": "Feature", "properties": { "Longitud K": null, "id": "1", "Estado": null, "Espejo Agu": null, "NombreCami": null }, "geometry": { "type": "MultiLineString", "coordinates": [ ] } },
{ "type": "Feature", "properties": { "Longitud K": null, "id": "1", "Estado": null, "Espejo Agu": null, "NombreCami": null }, "geometry": { "type": "MultiLineString", "coordinates": [ ] } },
{ "type": "Feature", "properties": { "Longitud K": null, "id": "1", "Estado": null, "Espejo Agu": null, "NombreCami": null }, "geometry": { "type": "MultiLineString", "coordinates": [ ] } },
{ "type": "Feature", "properties": { "Longitud K": null, "id": "1", "Estado": null, "Espejo Agu": null, "NombreCami": null }, "geometry": { "type": "MultiLineString", "coordinates": [ ] } },
{ "type": "Feature", "properties": { "Longitud K": null, "id": "1", "Estado": null, "Espejo Agu": null, "NombreCami": null }, "geometry": { "type": "MultiLineString", "coordinates": [ ] } },
{ "type": "Feature", "properties": { "Longitud K": null, "id": "1", "Estado": null, "Espejo Agu": null, "NombreCami": null }, "geometry": { "type": "MultiLineString", "coordinates": [ ] } },
{ "type": "Feature", "properties": { "Longitud K": null, "id": "1", "Estado": null, "Espejo Agu": null, "NombreCami": null }, "geometry": { "type": "MultiLineString", "coordinates": [ ] } },
{ "type": "Feature", "properties": { "Longitud K": null, "id": "1", "Estado": null, "Espejo Agu": null, "NombreCami": null }, "geometry": { "type": "MultiLineString", "coordinates": [ ] } },
{ "type": "Feature", "properties": { "Longitud K": null, "id": "1", "Estado": null, "Espejo Agu": null, "NombreCami": null }, "geometry": { "type": "MultiLineString", "coordinates": [ ] } },
{ "type": "Feature", "properties": { "Longitud K": null, "id": "1", "Estado": null, "Espejo Agu": null, "NombreCami": null }, "geometry": { "type": "MultiLineString", "coordinates": [ ] } },
{ "type": "Feature", "properties": { "Longitud K": null, "id": "1", "Estado": null, "Espejo Agu": null, "NombreCami": null }, "geometry": { "type": "MultiLineString", "coordinates": [ ] } },
{ "type": "Feature", "properties": { "Longitud K": null, "id": "1", "Estado": null, "Espejo Agu": null, "NombreCami": null }, "geometry": { "type": "MultiLineString", "coordinates": [ ] } },
{ "type": "Feature", "properties": { "Longitud K": null, "id": "1", "Estado": null, "Espejo Agu": null, "NombreCami": null }, "geometry": { "type": "MultiLineString", "coordinates": [ ] } },
{ "type": "Feature", "properties": { "Longitud K": null, "id": "1", "Estado": null, "Espejo Agu": null, "NombreCami": null }, "geometry": { "type": "MultiLineString", "coordinates": [ ] } },
{ "type": "Feature", "properties": { "Longitud K": null, "id": "1", "Estado": null, "Espejo Agu": null, "NombreCami": null }, "geometry": { "type": "MultiLineString", "coordinates": [ ] } },
{ "type": "Feature", "properties": { "Longitud K": null, "id": "1", "Estado": null, "Espejo Agu": null, "NombreCami": null }, "geometry": { "type": "MultiLineString", "coordinates": [ ] } },
{ "type": "Feature", "properties": { "Longitud K": null, "id": "1", "Estado": null, "Espejo Agu": null, "NombreCami": null }, "geometry": { "type": "MultiLineString", "coordinates": [ ] } },
{ "type": "Feature", "properties": { "Longitud K": null, "id": "1", "Estado": null, "Espejo Agu": null, "NombreCami": null }, "geometry": { "type": "MultiLineString", "coordinates": [ ] } },
{ "type": "Feature", "properties": { "Longitud K": null, "id": "1", "Estado": null, "Espejo Agu": null, "NombreCami": null }, "geometry": { "type": "MultiLineString", "coordinates": [ ] } },
{ "type": "Feature", "properties": { "Longitud K": null, "id": "1", "Estado": null, "Espejo Agu": null, "NombreCami": null }, "geometry": { "type": "MultiLineString", "coordinates": [ ] } },
{ "type": "Feature", "properties": { "Longitud K": null, "id": "1", "Estado": null, "Espejo Agu": null, "NombreCami": null }, "geometry": { "type": "MultiLineString", "coordinates": [ ] } },
{ "type": "Feature", "properties": { "Longitud K": null, "id": "1", "Estado": null, "Espejo Agu": null, "NombreCami": null }, "geometry": { "type": "MultiLineString", "coordinates": [ ] } },
{ "type": "Feature", "properties": { "Longitud K": null, "id": "1", "Estado": null, "Espejo Agu": null, "NombreCami": null }, "geometry": { "type": "MultiLineString", "coordinates": [ ] } },
{ "type": "Feature", "properties": { "Longitud K": null, "id": "1", "Estado": null, "Espejo Agu": null, "NombreCami": null }, "geometry": { "type": "MultiLineString", "coordinates": [ ] } },
{ "type": "Feature", "properties": { "Longitud K": null, "id": "1", "Estado": null, "Espejo Agu": null, "NombreCami": null }, "geometry": { "type": "MultiLineString", "coordinates": [ ] } },
{ "type": "Feature", "properties": { "Longitud K": null, "id": "1", "Estado": null, "Espejo Agu": null, "NombreCami": null }, "geometry": { "type": "MultiLineString", "coordinates": [ ] } },
{ "type": "Feature", "properties": { "Longitud K": null, "id": "1", "Estado": null, "Espejo Agu": null, "NombreCami": null }, "geometry": { "type": "MultiLineString", "coordinates": [ ] } },
{ "type": "Feature", "properties": { "Longitud K": null, "id": "1", "Estado": null, "Espejo Agu": null, "NombreCami": null }, "geometry": { "type": "MultiLineString", "coordinates": [ ] } },
{ "type": "Feature", "properties": { "Longitud K": null, "id": "1", "Estado": null, "Espejo Agu": null, "NombreCami": null }, "geometry": { "type": "MultiLineString", "coordinates": [ ] } },
{ "type": "Feature", "properties": { "Longitud K": null, "id": "1", "Estado": null, "Espejo Agu": null, "NombreCami": null }, "geometry": { "type": "MultiLineString", "coordinates": [ ] } },
{ "type": "Feature", "properties": { "Longitud K": null, "id": "1", "Estado": null, "Espejo Agu": null, "NombreCami": null }, "geometry": { "type": "MultiLineString", "coordinates": [ ] } },
{ "type": "Feature", "properties": { "Longitud K": null, "id": "1", "Estado": null, "Espejo Agu": null, "NombreCami": null }, "geometry": { "type": "MultiLineString", "coordinates": [ ] } },
{ "type": "Feature", "properties": { "Longitud K": null, "id": "1", "Estado": null, "Espejo Agu": null, "NombreCami": null }, "geometry": { "type": "MultiLineString", "coordinates": [ ] } },
{ "type": "Feature", "properties": { "Longitud K": null, "id": "1", "Estado": null, "Espejo Agu": null, "NombreCami": null }, "geometry": { "type": "MultiLineString", "coordinates": [ ] } },
{ "type": "Feature", "properties": { "Longitud K": null, "id": "1", "Estado": null, "Espejo Agu": null, "NombreCami": null }, "geometry": { "type": "MultiLineString", "coordinates": [ ] } },
{ "type": "Feature", "properties": { "Longitud K": null, "id": "1", "Estado": null, "Espejo Agu": null, "NombreCami": null }, "geometry": { "type": "MultiLineString", "coordinates": [ ] } },
{ "type": "Feature", "properties": { "Longitud K": null, "id": "1", "Estado": null, "Espejo Agu": null, "NombreCami": null }, "geometry": { "type": "MultiLineString", "coordinates": [ ] } },
{ "type": "Feature", "properties": { "Longitud K": null, "id": "1", "Estado": null, "Espejo Agu": null, "NombreCami": null }, "geometry": { "type": "MultiLineString", "coordinates": [ ] } },
{ "type": "Feature", "properties": { "Longitud K": null, "id": "1", "Estado": null, "Espejo Agu": null, "NombreCami": null }, "geometry": { "type": "MultiLineString", "coordinates": [ ] } },
{ "type": "Feature", "properties": { "Longitud K": null, "id": "1", "Estado": null, "Espejo Agu": null, "NombreCami": null }, "geometry": { "type": "MultiLineString", "coordinates": [ ] } },
{ "type": "Feature", "properties": { "Longitud K": null, "id": "1", "Estado": null, "Espejo Agu": null, "NombreCami": null }, "geometry": { "type": "MultiLineString", "coordinates": [ ] } },
{ "type": "Feature", "properties": { "Longitud K": null, "id": "1", "Estado": null, "Espejo Agu": null, "NombreCami": null }, "geometry": { "type": "MultiLineString", "coordinates": [ ] } },
{ "type": "Feature", "properties": { "Longitud K": null, "id": "1", "Estado": null, "Espejo Agu": null, "NombreCami": null }, "geometry": { "type": "MultiLineString", "coordinates": [ ] } },
{ "type": "Feature", "properties": { "Longitud K": null, "id": "1", "Estado": null, "Espejo Agu": null, "NombreCami": null }, "geometry": { "type": "MultiLineString", "coordinates": [ ] } },
{ "type": "Feature", "properties": { "Longitud K": null, "id": "1", "Estado": null, "Espejo Agu": null, "NombreCami": null }, "geometry": { "type": "MultiLineString", "coordinates": [ ] } },
{ "type": "Feature", "properties": { "Longitud K": null, "id": "1", "Estado": null, "Espejo Agu": null, "NombreCami": null }, "geometry": { "type": "MultiLineString", "coordinates": [ ] } },
{ "type": "Feature", "properties": { "Longitud K": null, "id": "1", "Estado": null, "Espejo Agu": null, "NombreCami": null }, "geometry": { "type": "MultiLineString", "coordinates": [ ] } },
{ "type": "Feature", "properties": { "Longitud K": null, "id": "1", "Estado": null, "Espejo Agu": null, "NombreCami": null }, "geometry": { "type": "MultiLineString", "coordinates": [ ] } },
{ "type": "Feature", "properties": { "Longitud K": null, "id": "1", "Estado": null, "Espejo Agu": null, "NombreCami": null }, "geometry": { "type": "MultiLineString", "coordinates": [ ] } },
{ "type": "Feature", "properties": { "Longitud K": null, "id": "1", "Estado": null, "Espejo Agu": null, "NombreCami": null }, "geometry": { "type": "MultiLineString", "coordinates": [ ] } },
{ "type": "Feature", "properties": { "Longitud K": null, "id": "1", "Estado": null, "Espejo Agu": null, "NombreCami": null }, "geometry": { "type": "MultiLineString", "coordinates": [ ] } },
{ "type": "Feature", "properties": { "Longitud K": null, "id": "1", "Estado": null, "Espejo Agu": null, "NombreCami": null }, "geometry": { "type": "MultiLineString", "coordinates": [ ] } },
{ "type": "Feature", "properties": { "Longitud K": null, "id": "1", "Estado": null, "Espejo Agu": null, "NombreCami": null }, "geometry": { "type": "MultiLineString", "coordinates": [ ] } },
{ "type": "Feature", "properties": { "Longitud K": null, "id": "1", "Estado": null, "Espejo Agu": null, "NombreCami": null }, "geometry": { "type": "MultiLineString", "coordinates": [ ] } },
{ "type": "Feature", "properties": { "Longitud K": null, "id": "1", "Estado": null, "Espejo Agu": null, "NombreCami": null }, "geometry": { "type": "MultiLineString", "coordinates": [ ] } },
{ "type": "Feature", "properties": { "Longitud K": null, "id": "1", "Estado": null, "Espejo Agu": null, "NombreCami": null }, "geometry": { "type": "MultiLineString", "coordinates": [ ] } },
{ "type": "Feature", "properties": { "Longitud K": null, "id": "1", "Estado": null, "Espejo Agu": null, "NombreCami": null }, "geometry": { "type": "MultiLineString", "coordinates": [ ] } },
{ "type": "Feature", "properties": { "Longitud K": null, "id": "1", "Estado": null, "Espejo Agu": null, "NombreCami": null }, "geometry": { "type": "MultiLineString", "coordinates": [ ] } },
{ "type": "Feature", "properties": { "Longitud K": null, "id": "1", "Estado": null, "Espejo Agu": null, "NombreCami": null }, "geometry": { "type": "MultiLineString", "coordinates": [ ] } },
{ "type": "Feature", "properties": { "Longitud K": null, "id": "1", "Estado": null, "Espejo Agu": null, "NombreCami": null }, "geometry": { "type": "MultiLineString", "coordinates": [ ] } },
{ "type": "Feature", "properties": { "Longitud K": null, "id": "1", "Estado": null, "Espejo Agu": null, "NombreCami": null }, "geometry": { "type": "MultiLineString", "coordinates": [ ] } },
{ "type": "Feature", "properties": { "Longitud K": null, "id": "1", "Estado": null, "Espejo Agu": null, "NombreCami": null }, "geometry": { "type": "MultiLineString", "coordinates": [ ] } },
{ "type": "Feature", "properties": { "Longitud K": null, "id": "1", "Estado": null, "Espejo Agu": null, "NombreCami": null }, "geometry": { "type": "MultiLineString", "coordinates": [ ] } },
{ "type": "Feature", "properties": { "Longitud K": null, "id": "1", "Estado": null, "Espejo Agu": null, "NombreCami": null }, "geometry": { "type": "MultiLineString", "coordinates": [ ] } },
{ "type": "Feature", "properties": { "Longitud K": null, "id": "1", "Estado": null, "Espejo Agu": null, "NombreCami": null }, "geometry": { "type": "MultiLineString", "coordinates": [ ] } },
{ "type": "Feature", "properties": { "Longitud K": null, "id": "1", "Estado": null, "Espejo Agu": null, "NombreCami": null }, "geometry": { "type": "MultiLineString", "coordinates": [ ] } },
{ "type": "Feature", "properties": { "Longitud K": null, "id": "1", "Estado": null, "Espejo Agu": null, "NombreCami": null }, "geometry": { "type": "MultiLineString", "coordinates": [ ] } },
{ "type": "Feature", "properties": { "Longitud K": null, "id": "1", "Estado": null, "Espejo Agu": null, "NombreCami": null }, "geometry": { "type": "MultiLineString", "coordinates": [ ] } },
{ "type": "Feature", "properties": { "Longitud K": null, "id": "1", "Estado": null, "Espejo Agu": null, "NombreCami": null }, "geometry": { "type": "MultiLineString", "coordinates": [ ] } },
{ "type": "Feature", "properties": { "Longitud K": null, "id": "1", "Estado": null, "Espejo Agu": null, "NombreCami": null }, "geometry": { "type": "MultiLineString", "coordinates": [ ] } },
{ "type": "Feature", "properties": { "Longitud K": null, "id": "1", "Estado": null, "Espejo Agu": null, "NombreCami": null }, "geometry": { "type": "MultiLineString", "coordinates": [ ] } },
{ "type": "Feature", "properties": { "Longitud K": null, "id": "1", "Estado": null, "Espejo Agu": null, "NombreCami": null }, "geometry": { "type": "MultiLineString", "coordinates": [ ] } },
{ "type": "Feature", "properties": { "Longitud K": null, "id": "1", "Estado": null, "Espejo Agu": null, "NombreCami": null }, "geometry": { "type": "MultiLineString", "coordinates": [ ] } },
{ "type": "Feature", "properties": { "Longitud K": null, "id": "1", "Estado": null, "Espejo Agu": null, "NombreCami": null }, "geometry": { "type": "MultiLineString", "coordinates": [ ] } },
{ "type": "Feature", "properties": { "Longitud K": null, "id": "1", "Estado": null, "Espejo Agu": null, "NombreCami": null }, "geometry": { "type": "MultiLineString", "coordinates": [ ] } },
{ "type": "Feature", "properties": { "Longitud K": null, "id": "1", "Estado": null, "Espejo Agu": null, "NombreCami": null }, "geometry": { "type": "MultiLineString", "coordinates": [ ] } },
{ "type": "Feature", "properties": { "Longitud K": null, "id": "1", "Estado": null, "Espejo Agu": null, "NombreCami": null }, "geometry": { "type": "MultiLineString", "coordinates": [ ] } },
{ "type": "Feature", "properties": { "Longitud K": null, "id": "1", "Estado": null, "Espejo Agu": null, "NombreCami": null }, "geometry": { "type": "MultiLineString", "coordinates": [ ] } },
{ "type": "Feature", "properties": { "Longitud K": null, "id": "1", "Estado": null, "Espejo Agu": null, "NombreCami": null }, "geometry": { "type": "MultiLineString", "coordinates": [ ] } },
{ "type": "Feature", "properties": { "Longitud K": null, "id": "1", "Estado": null, "Espejo Agu": null, "NombreCami": null }, "geometry": { "type": "MultiLineString", "coordinates": [ ] } },
{ "type": "Feature", "properties": { "Longitud K": null, "id": "1", "Estado": null, "Espejo Agu": null, "NombreCami": null }, "geometry": { "type": "MultiLineString", "coordinates": [ ] } },
{ "type": "Feature", "properties": { "Longitud K": null, "id": "1", "Estado": null, "Espejo Agu": null, "NombreCami": null }, "geometry": { "type": "MultiLineString", "coordinates": [ ] } },
{ "type": "Feature", "properties": { "Longitud K": null, "id": "1", "Estado": null, "Espejo Agu": null, "NombreCami": null }, "geometry": { "type": "MultiLineString", "coordinates": [ ] } },
{ "type": "Feature", "properties": { "Longitud K": null, "id": "1", "Estado": null, "Espejo Agu": null, "NombreCami": null }, "geometry": { "type": "MultiLineString", "coordinates": [ ] } },
{ "type": "Feature", "properties": { "Longitud K": null, "id": "1", "Estado": null, "Espejo Agu": null, "NombreCami": null }, "geometry": { "type": "MultiLineString", "coordinates": [ ] } },
{ "type": "Feature", "properties": { "Longitud K": null, "id": "1", "Estado": null, "Espejo Agu": null, "NombreCami": null }, "geometry": { "type": "MultiLineString", "coordinates": [ ] } },
{ "type": "Feature", "properties": { "Longitud K": null, "id": "1", "Estado": null, "Espejo Agu": null, "NombreCami": null }, "geometry": { "type": "MultiLineString", "coordinates": [ ] } },
{ "type": "Feature", "properties": { "Longitud K": null, "id": "1", "Estado": null, "Espejo Agu": null, "NombreCami": null }, "geometry": { "type": "MultiLineString", "coordinates": [ ] } },
{ "type": "Feature", "properties": { "Longitud K": null, "id": "1", "Estado": null, "Espejo Agu": null, "NombreCami": null }, "geometry": { "type": "MultiLineString", "coordinates": [ ] } },
{ "type": "Feature", "properties": { "Longitud K": null, "id": "1", "Estado": null, "Espejo Agu": null, "NombreCami": null }, "geometry": { "type": "MultiLineString", "coordinates": [ ] } },
{ "type": "Feature", "properties": { "Longitud K": null, "id": "1", "Estado": null, "Espejo Agu": null, "NombreCami": null }, "geometry": { "type": "MultiLineString", "coordinates": [ ] } },
{ "type": "Feature", "properties": { "Longitud K": null, "id": "1", "Estado": null, "Espejo Agu": null, "NombreCami": null }, "geometry": { "type": "MultiLineString", "coordinates": [ ] } },
{ "type": "Feature", "properties": { "Longitud K": null, "id": "1", "Estado": null, "Espejo Agu": null, "NombreCami": null }, "geometry": { "type": "MultiLineString", "coordinates": [ [ [ -62.591692908770398, -34.079024191568848 ], [ -62.607154436776838, -34.07626170663633 ], [ -62.615046097708628, -34.074849846211258 ], [ -62.640760051599997, -34.070204818231154 ] ] ] } },
{ "type": "Feature", "properties": { "Longitud K": null, "id": "1", "Estado": null, "Espejo Agu": null, "NombreCami": null }, "geometry": { "type": "MultiLineString", "coordinates": [ ] } },
{ "type": "Feature", "properties": { "Longitud K": null, "id": "1", "Estado": null, "Espejo Agu": null, "NombreCami": null }, "geometry": { "type": "MultiLineString", "coordinates": [ ] } },
{ "type": "Feature", "properties": { "Longitud K": null, "id": "1", "Estado": null, "Espejo Agu": null, "NombreCami": null }, "geometry": { "type": "MultiLineString", "coordinates": [ ] } },
{ "type": "Feature", "properties": { "Longitud K": null, "id": "1", "Estado": null, "Espejo Agu": null, "NombreCami": null }, "geometry": { "type": "MultiLineString", "coordinates": [ ] } },
{ "type": "Feature", "properties": { "Longitud K": null, "id": "1", "Estado": null, "Espejo Agu": null, "NombreCami": null }, "geometry": { "type": "MultiLineString", "coordinates": [ ] } },
{ "type": "Feature", "properties": { "Longitud K": null, "id": "1", "Estado": null, "Espejo Agu": null, "NombreCami": null }, "geometry": { "type": "MultiLineString", "coordinates": [ ] } },
{ "type": "Feature", "properties": { "Longitud K": null, "id": "1", "Estado": null, "Espejo Agu": null, "NombreCami": null }, "geometry": { "type": "MultiLineString", "coordinates": [ ] } },
{ "type": "Feature", "properties": { "Longitud K": null, "id": "1", "Estado": null, "Espejo Agu": null, "NombreCami": null }, "geometry": { "type": "MultiLineString", "coordinates": [ ] } },
{ "type": "Feature", "properties": { "Longitud K": "12", "id": "14", "Estado": "Abierto", "Espejo Agu": null, "NombreCami": "Camino N� 14" }, "geometry": { "type": "MultiLineString", "coordinates": [ [ [ -62.730818165723015, -34.256444188836518 ], [ -62.728035160087792, -34.246176671456816 ], [ -62.724943462575453, -34.234028305752588 ], [ -62.721973869542921, -34.222846791934586 ], [ -62.720503031364018, -34.217213465589801 ], [ -62.71913615159194, -34.212008704379897 ], [ -62.716045265477874, -34.200353466755836 ], [ -62.711645543719136, -34.183748870598251 ], [ -62.710010535308172, -34.177620400755174 ], [ -62.707550472713706, -34.16798724635651 ], [ -62.705909977652269, -34.161659380660446 ], [ -62.703313568871849, -34.150739991979798 ] ] ] } },
{ "type": "Feature", "properties": { "Longitud K": null, "id": "1", "Estado": null, "Espejo Agu": null, "NombreCami": null }, "geometry": { "type": "MultiLineString", "coordinates": [ [ [ -62.673397341534901, -34.159984721174354 ], [ -62.67845114029604, -34.179546717466202 ], [ -62.679443600137013, -34.183439188319696 ], [ -62.68240816031485, -34.194692446415338 ], [ -62.685462373254225, -34.206095869843729 ], [ -62.688493688452844, -34.217599399779623 ], [ -62.691520078630383, -34.228922719569823 ], [ -62.694545671638892, -34.240371842792435 ], [ -62.696071093287657, -34.245872799374077 ], [ -62.698915242294504, -34.256470830186068 ] ] ] } },
{ "type": "Feature", "properties": { "Longitud K": null, "id": "1", "Estado": null, "Espejo Agu": null, "NombreCami": null }, "geometry": { "type": "MultiLineString", "coordinates": [ ] } },
{ "type": "Feature", "properties": { "Longitud K": null, "id": "1", "Estado": null, "Espejo Agu": null, "NombreCami": null }, "geometry": { "type": "MultiLineString", "coordinates": [ ] } },
{ "type": "Feature", "properties": { "Longitud K": null, "id": "1", "Estado": null, "Espejo Agu": null, "NombreCami": null }, "geometry": { "type": "MultiLineString", "coordinates": [ ] } },
{ "type": "Feature", "properties": { "Longitud K": null, "id": "1", "Estado": null, "Espejo Agu": null, "NombreCami": null }, "geometry": { "type": "MultiLineString", "coordinates": [ ] } },
{ "type": "Feature", "properties": { "Longitud K": null, "id": "1", "Estado": null, "Espejo Agu": null, "NombreCami": null }, "geometry": { "type": "MultiLineString", "coordinates": [ ] } },
{ "type": "Feature", "properties": { "Longitud K": null, "id": "1", "Estado": null, "Espejo Agu": null, "NombreCami": null }, "geometry": { "type": "MultiLineString", "coordinates": [ ] } },
{ "type": "Feature", "properties": { "Longitud K": null, "id": "1", "Estado": null, "Espejo Agu": null, "NombreCami": null }, "geometry": { "type": "MultiLineString", "coordinates": [ ] } },
{ "type": "Feature", "properties": { "Longitud K": null, "id": "1", "Estado": null, "Espejo Agu": null, "NombreCami": null }, "geometry": { "type": "MultiLineString", "coordinates": [ ] } },
{ "type": "Feature", "properties": { "Longitud K": null, "id": "1", "Estado": null, "Espejo Agu": null, "NombreCami": null }, "geometry": { "type": "MultiLineString", "coordinates": [ ] } },
{ "type": "Feature", "properties": { "Longitud K": null, "id": "1", "Estado": null, "Espejo Agu": null, "NombreCami": null }, "geometry": { "type": "MultiLineString", "coordinates": [ ] } },
{ "type": "Feature", "properties": { "Longitud K": null, "id": "1", "Estado": null, "Espejo Agu": null, "NombreCami": null }, "geometry": { "type": "MultiLineString", "coordinates": [ ] } },
{ "type": "Feature", "properties": { "Longitud K": null, "id": "1", "Estado": null, "Espejo Agu": null, "NombreCami": null }, "geometry": { "type": "MultiLineString", "coordinates": [ ] } },
{ "type": "Feature", "properties": { "Longitud K": null, "id": "1", "Estado": null, "Espejo Agu": null, "NombreCami": null }, "geometry": { "type": "MultiLineString", "coordinates": [ ] } },
{ "type": "Feature", "properties": { "Longitud K": null, "id": "1", "Estado": null, "Espejo Agu": null, "NombreCami": null }, "geometry": { "type": "MultiLineString", "coordinates": [ ] } },
{ "type": "Feature", "properties": { "Longitud K": null, "id": "1", "Estado": null, "Espejo Agu": null, "NombreCami": null }, "geometry": { "type": "MultiLineString", "coordinates": [ ] } },
{ "type": "Feature", "properties": { "Longitud K": null, "id": "1", "Estado": null, "Espejo Agu": null, "NombreCami": null }, "geometry": { "type": "MultiLineString", "coordinates": [ ] } },
{ "type": "Feature", "properties": { "Longitud K": null, "id": "1", "Estado": null, "Espejo Agu": null, "NombreCami": null }, "geometry": { "type": "MultiLineString", "coordinates": [ ] } },
{ "type": "Feature", "properties": { "Longitud K": null, "id": "1", "Estado": null, "Espejo Agu": null, "NombreCami": null }, "geometry": { "type": "MultiLineString", "coordinates": [ ] } },
{ "type": "Feature", "properties": { "Longitud K": null, "id": "1", "Estado": null, "Espejo Agu": null, "NombreCami": null }, "geometry": { "type": "MultiLineString", "coordinates": [ ] } },
{ "type": "Feature", "properties": { "Longitud K": null, "id": "1", "Estado": null, "Espejo Agu": null, "NombreCami": null }, "geometry": { "type": "MultiLineString", "coordinates": [ ] } },
{ "type": "Feature", "properties": { "Longitud K": null, "id": "1", "Estado": null, "Espejo Agu": null, "NombreCami": null }, "geometry": { "type": "MultiLineString", "coordinates": [ ] } },
{ "type": "Feature", "properties": { "Longitud K": null, "id": "1", "Estado": null, "Espejo Agu": null, "NombreCami": null }, "geometry": { "type": "MultiLineString", "coordinates": [ ] } },
{ "type": "Feature", "properties": { "Longitud K": null, "id": "1", "Estado": null, "Espejo Agu": null, "NombreCami": null }, "geometry": { "type": "MultiLineString", "coordinates": [ ] } },
{ "type": "Feature", "properties": { "Longitud K": null, "id": "1", "Estado": null, "Espejo Agu": null, "NombreCami": null }, "geometry": { "type": "MultiLineString", "coordinates": [ ] } },
{ "type": "Feature", "properties": { "Longitud K": null, "id": "1", "Estado": null, "Espejo Agu": null, "NombreCami": null }, "geometry": { "type": "MultiLineString", "coordinates": [ ] } },
{ "type": "Feature", "properties": { "Longitud K": null, "id": "1", "Estado": null, "Espejo Agu": null, "NombreCami": null }, "geometry": { "type": "MultiLineString", "coordinates": [ ] } },
{ "type": "Feature", "properties": { "Longitud K": null, "id": "1", "Estado": null, "Espejo Agu": null, "NombreCami": null }, "geometry": { "type": "MultiLineString", "coordinates": [ ] } },
{ "type": "Feature", "properties": { "Longitud K": null, "id": "1", "Estado": null, "Espejo Agu": null, "NombreCami": null }, "geometry": { "type": "MultiLineString", "coordinates": [ ] } },
{ "type": "Feature", "properties": { "Longitud K": null, "id": "1", "Estado": null, "Espejo Agu": null, "NombreCami": null }, "geometry": { "type": "MultiLineString", "coordinates": [ ] } },
{ "type": "Feature", "properties": { "Longitud K": null, "id": "1", "Estado": null, "Espejo Agu": null, "NombreCami": null }, "geometry": { "type": "MultiLineString", "coordinates": [ ] } },
{ "type": "Feature", "properties": { "Longitud K": null, "id": "1", "Estado": null, "Espejo Agu": null, "NombreCami": null }, "geometry": { "type": "MultiLineString", "coordinates": [ ] } },
{ "type": "Feature", "properties": { "Longitud K": null, "id": "1", "Estado": null, "Espejo Agu": null, "NombreCami": null }, "geometry": { "type": "MultiLineString", "coordinates": [ ] } },
{ "type": "Feature", "properties": { "Longitud K": null, "id": "1", "Estado": null, "Espejo Agu": null, "NombreCami": null }, "geometry": { "type": "MultiLineString", "coordinates": [ ] } },
{ "type": "Feature", "properties": { "Longitud K": null, "id": "1", "Estado": null, "Espejo Agu": null, "NombreCami": null }, "geometry": { "type": "MultiLineString", "coordinates": [ ] } },
{ "type": "Feature", "properties": { "Longitud K": null, "id": "1", "Estado": null, "Espejo Agu": null, "NombreCami": null }, "geometry": { "type": "MultiLineString", "coordinates": [ ] } },
{ "type": "Feature", "properties": { "Longitud K": null, "id": "1", "Estado": null, "Espejo Agu": null, "NombreCami": null }, "geometry": { "type": "MultiLineString", "coordinates": [ ] } },
{ "type": "Feature", "properties": { "Longitud K": null, "id": "1", "Estado": null, "Espejo Agu": null, "NombreCami": null }, "geometry": { "type": "MultiLineString", "coordinates": [ ] } },
{ "type": "Feature", "properties": { "Longitud K": null, "id": "1", "Estado": null, "Espejo Agu": null, "NombreCami": null }, "geometry": { "type": "MultiLineString", "coordinates": [ ] } },
{ "type": "Feature", "properties": { "Longitud K": null, "id": "1", "Estado": null, "Espejo Agu": null, "NombreCami": null }, "geometry": { "type": "MultiLineString", "coordinates": [ ] } },
{ "type": "Feature", "properties": { "Longitud K": null, "id": "1", "Estado": null, "Espejo Agu": null, "NombreCami": null }, "geometry": { "type": "MultiLineString", "coordinates": [ ] } },
{ "type": "Feature", "properties": { "Longitud K": null, "id": "1", "Estado": null, "Espejo Agu": null, "NombreCami": null }, "geometry": { "type": "MultiLineString", "coordinates": [ ] } },
{ "type": "Feature", "properties": { "Longitud K": null, "id": "1", "Estado": null, "Espejo Agu": null, "NombreCami": null }, "geometry": { "type": "MultiLineString", "coordinates": [ ] } },
{ "type": "Feature", "properties": { "Longitud K": null, "id": "1", "Estado": null, "Espejo Agu": null, "NombreCami": null }, "geometry": { "type": "MultiLineString", "coordinates": [ ] } },
{ "type": "Feature", "properties": { "Longitud K": null, "id": "1", "Estado": null, "Espejo Agu": null, "NombreCami": null }, "geometry": { "type": "MultiLineString", "coordinates": [ ] } },
{ "type": "Feature", "properties": { "Longitud K": null, "id": "1", "Estado": null, "Espejo Agu": null, "NombreCami": null }, "geometry": { "type": "MultiLineString", "coordinates": [ ] } },
{ "type": "Feature", "properties": { "Longitud K": null, "id": "1", "Estado": null, "Espejo Agu": null, "NombreCami": null }, "geometry": { "type": "MultiLineString", "coordinates": [ ] } },
{ "type": "Feature", "properties": { "Longitud K": null, "id": "1", "Estado": null, "Espejo Agu": null, "NombreCami": null }, "geometry": { "type": "MultiLineString", "coordinates": [ ] } },
{ "type": "Feature", "properties": { "Longitud K": null, "id": "1", "Estado": null, "Espejo Agu": null, "NombreCami": null }, "geometry": { "type": "MultiLineString", "coordinates": [ ] } },
{ "type": "Feature", "properties": { "Longitud K": null, "id": "1", "Estado": null, "Espejo Agu": null, "NombreCami": null }, "geometry": { "type": "MultiLineString", "coordinates": [ ] } },
{ "type": "Feature", "properties": { "Longitud K": null, "id": "1", "Estado": null, "Espejo Agu": null, "NombreCami": null }, "geometry": { "type": "MultiLineString", "coordinates": [ ] } },
{ "type": "Feature", "properties": { "Longitud K": null, "id": "1", "Estado": null, "Espejo Agu": null, "NombreCami": null }, "geometry": { "type": "MultiLineString", "coordinates": [ ] } },
{ "type": "Feature", "properties": { "Longitud K": null, "id": "1", "Estado": null, "Espejo Agu": null, "NombreCami": null }, "geometry": { "type": "MultiLineString", "coordinates": [ ] } },
{ "type": "Feature", "properties": { "Longitud K": null, "id": "1", "Estado": null, "Espejo Agu": null, "NombreCami": null }, "geometry": { "type": "MultiLineString", "coordinates": [ ] } },
{ "type": "Feature", "properties": { "Longitud K": null, "id": "1", "Estado": null, "Espejo Agu": null, "NombreCami": null }, "geometry": { "type": "MultiLineString", "coordinates": [ ] } },
{ "type": "Feature", "properties": { "Longitud K": null, "id": "1", "Estado": null, "Espejo Agu": null, "NombreCami": null }, "geometry": { "type": "MultiLineString", "coordinates": [ ] } },
{ "type": "Feature", "properties": { "Longitud K": null, "id": "1", "Estado": null, "Espejo Agu": null, "NombreCami": null }, "geometry": { "type": "MultiLineString", "coordinates": [ ] } },
{ "type": "Feature", "properties": { "Longitud K": null, "id": "1", "Estado": null, "Espejo Agu": null, "NombreCami": null }, "geometry": { "type": "MultiLineString", "coordinates": [ ] } },
{ "type": "Feature", "properties": { "Longitud K": null, "id": "1", "Estado": null, "Espejo Agu": null, "NombreCami": null }, "geometry": { "type": "MultiLineString", "coordinates": [ ] } },
{ "type": "Feature", "properties": { "Longitud K": null, "id": "1", "Estado": null, "Espejo Agu": null, "NombreCami": null }, "geometry": { "type": "MultiLineString", "coordinates": [ ] } },
{ "type": "Feature", "properties": { "Longitud K": null, "id": "1", "Estado": null, "Espejo Agu": null, "NombreCami": null }, "geometry": { "type": "MultiLineString", "coordinates": [ ] } },
{ "type": "Feature", "properties": { "Longitud K": null, "id": "1", "Estado": null, "Espejo Agu": null, "NombreCami": null }, "geometry": { "type": "MultiLineString", "coordinates": [ ] } },
{ "type": "Feature", "properties": { "Longitud K": null, "id": "1", "Estado": null, "Espejo Agu": null, "NombreCami": null }, "geometry": { "type": "MultiLineString", "coordinates": [ ] } },
{ "type": "Feature", "properties": { "Longitud K": null, "id": "1", "Estado": null, "Espejo Agu": null, "NombreCami": null }, "geometry": { "type": "MultiLineString", "coordinates": [ ] } },
{ "type": "Feature", "properties": { "Longitud K": null, "id": "1", "Estado": null, "Espejo Agu": null, "NombreCami": null }, "geometry": { "type": "MultiLineString", "coordinates": [ ] } },
{ "type": "Feature", "properties": { "Longitud K": null, "id": "1", "Estado": null, "Espejo Agu": null, "NombreCami": null }, "geometry": { "type": "MultiLineString", "coordinates": [ ] } },
{ "type": "Feature", "properties": { "Longitud K": null, "id": "1", "Estado": null, "Espejo Agu": null, "NombreCami": null }, "geometry": { "type": "MultiLineString", "coordinates": [ ] } },
{ "type": "Feature", "properties": { "Longitud K": null, "id": "1", "Estado": null, "Espejo Agu": null, "NombreCami": null }, "geometry": { "type": "MultiLineString", "coordinates": [ ] } },
{ "type": "Feature", "properties": { "Longitud K": null, "id": "1", "Estado": null, "Espejo Agu": null, "NombreCami": null }, "geometry": { "type": "MultiLineString", "coordinates": [ ] } },
{ "type": "Feature", "properties": { "Longitud K": null, "id": "1", "Estado": null, "Espejo Agu": null, "NombreCami": null }, "geometry": { "type": "MultiLineString", "coordinates": [ ] } },
{ "type": "Feature", "properties": { "Longitud K": null, "id": "1", "Estado": null, "Espejo Agu": null, "NombreCami": null }, "geometry": { "type": "MultiLineString", "coordinates": [ ] } },
{ "type": "Feature", "properties": { "Longitud K": null, "id": "1", "Estado": null, "Espejo Agu": null, "NombreCami": null }, "geometry": { "type": "MultiLineString", "coordinates": [ ] } },
{ "type": "Feature", "properties": { "Longitud K": null, "id": "1", "Estado": null, "Espejo Agu": null, "NombreCami": null }, "geometry": { "type": "MultiLineString", "coordinates": [ ] } },
{ "type": "Feature", "properties": { "Longitud K": null, "id": "1", "Estado": null, "Espejo Agu": null, "NombreCami": null }, "geometry": { "type": "MultiLineString", "coordinates": [ ] } },
{ "type": "Feature", "properties": { "Longitud K": null, "id": "1", "Estado": null, "Espejo Agu": null, "NombreCami": null }, "geometry": { "type": "MultiLineString", "coordinates": [ ] } },
{ "type": "Feature", "properties": { "Longitud K": null, "id": "1", "Estado": null, "Espejo Agu": null, "NombreCami": null }, "geometry": { "type": "MultiLineString", "coordinates": [ ] } },
{ "type": "Feature", "properties": { "Longitud K": null, "id": "1", "Estado": null, "Espejo Agu": null, "NombreCami": null }, "geometry": { "type": "MultiLineString", "coordinates": [ ] } },
{ "type": "Feature", "properties": { "Longitud K": null, "id": "1", "Estado": null, "Espejo Agu": null, "NombreCami": null }, "geometry": { "type": "MultiLineString", "coordinates": [ ] } },
{ "type": "Feature", "properties": { "Longitud K": null, "id": "1", "Estado": null, "Espejo Agu": null, "NombreCami": null }, "geometry": { "type": "MultiLineString", "coordinates": [ ] } },
{ "type": "Feature", "properties": { "Longitud K": null, "id": "1", "Estado": null, "Espejo Agu": null, "NombreCami": null }, "geometry": { "type": "MultiLineString", "coordinates": [ ] } },
{ "type": "Feature", "properties": { "Longitud K": null, "id": "1", "Estado": null, "Espejo Agu": null, "NombreCami": null }, "geometry": { "type": "MultiLineString", "coordinates": [ ] } },
{ "type": "Feature", "properties": { "Longitud K": null, "id": "1", "Estado": null, "Espejo Agu": null, "NombreCami": null }, "geometry": { "type": "MultiLineString", "coordinates": [ [ [ -62.688487904752115, -34.217577454705477 ], [ -62.674790532730306, -34.220052996459664 ] ] ] } },
{ "type": "Feature", "properties": { "Longitud K": "8.65", "id": "2", "Estado": "Abierto", "Espejo Agu": null, "NombreCami": "Camino N� 2" }, "geometry": { "type": "MultiLineString", "coordinates": [ [ [ -62.665780913866563, -34.185727527848066 ], [ -62.668848513875801, -34.197444785875028 ], [ -62.671802441365045, -34.208798850649018 ], [ -62.674909921729665, -34.220502582547915 ], [ -62.683871525891469, -34.254483178925533 ], [ -62.685896864836948, -34.261803501139852 ] ] ] } },
{ "type": "Feature", "properties": { "Longitud K": null, "id": "1", "Estado": null, "Espejo Agu": null, "NombreCami": null }, "geometry": { "type": "MultiLineString", "coordinates": [ [ [ -62.592655638092026, -34.169238688971696 ], [ -62.584312659519398, -34.170775728691041 ], [ -62.573272425542825, -34.172789560471685 ], [ -62.564307883054049, -34.174435104318761 ], [ -62.560734605226955, -34.175093185619801 ], [ -62.548295397318725, -34.177370430280725 ], [ -62.53739157925078, -34.179352826009996 ] ] ] } },
{ "type": "Feature", "properties": { "Longitud K": null, "id": "1", "Estado": null, "Espejo Agu": null, "NombreCami": null }, "geometry": { "type": "MultiLineString", "coordinates": [ ] } },
{ "type": "Feature", "properties": { "Longitud K": null, "id": "1", "Estado": null, "Espejo Agu": null, "NombreCami": null }, "geometry": { "type": "MultiLineString", "coordinates": [ ] } },
{ "type": "Feature", "properties": { "Longitud K": null, "id": "1", "Estado": null, "Espejo Agu": null, "NombreCami": null }, "geometry": { "type": "MultiLineString", "coordinates": [ [ [ -62.755404807149411, -34.261122848403133 ], [ -62.753631947946978, -34.261605384149775 ], [ -62.7516627494091, -34.261902591696753 ], [ -62.750112871514617, -34.262221972481861 ], [ -62.748147755967423, -34.262645508557142 ], [ -62.746747906027288, -34.262898242879686 ], [ -62.745539216730371, -34.263178295498932 ], [ -62.744599800870319, -34.26354715984931 ] ] ] } },
{ "type": "Feature", "properties": { "Longitud K": null, "id": "1", "Estado": null, "Espejo Agu": null, "NombreCami": null }, "geometry": { "type": "MultiLineString", "coordinates": [ [ [ -62.744599800870319, -34.26354715984931 ], [ -62.743865947717545, -34.263805741724646 ], [ -62.740366210960566, -34.264432433374708 ], [ -62.733142483824167, -34.265826993806613 ], [ -62.728449212160903, -34.266627254442653 ] ] ] } },
{ "type": "Feature", "properties": { "Longitud K": "4.99", "id": "12", "Estado": "Abierto", "Espejo Agu": null, "NombreCami": "Camino N� 12" }, "geometry": { "type": "MultiLineString", "coordinates": [ [ [ -62.664106565874697, -34.233942696762028 ], [ -62.6757802776891, -34.277874693610663 ] ] ] } },
{ "type": "Feature", "properties": { "Longitud K": null, "id": "1", "Estado": null, "Espejo Agu": null, "NombreCami": null }, "geometry": { "type": "MultiLineString", "coordinates": [ [ [ -62.755404807149411, -34.261122848403133 ], [ -62.7586162257711, -34.260584807160299 ], [ -62.761759294760218, -34.259968494678816 ], [ -62.764338179934057, -34.259439220699058 ], [ -62.765989392293719, -34.25883166682484 ], [ -62.769652814433748, -34.257707510150304 ], [ -62.772138048763878, -34.257056219021173 ], [ -62.773676390065624, -34.256649474965599 ], [ -62.776762034388305, -34.25610851446136 ], [ -62.782654412504293, -34.254910344508453 ] ] ] } },
{ "type": "Feature", "properties": { "Longitud K": null, "id": "1", "Estado": null, "Espejo Agu": null, "NombreCami": null }, "geometry": { "type": "MultiLineString", "coordinates": [ [ [ -62.767626745708704, -34.284923137064673 ], [ -62.779332549422485, -34.282818862135294 ], [ -62.789272138499683, -34.28096318112928 ], [ -62.800858982144085, -34.278789595702904 ] ] ] } },
{ "type": "Feature", "properties": { "Longitud K": null, "id": "1", "Estado": null, "Espejo Agu": null, "NombreCami": null }, "geometry": { "type": "MultiLineString", "coordinates": [ ] } },
{ "type": "Feature", "properties": { "Longitud K": null, "id": "1", "Estado": null, "Espejo Agu": null, "NombreCami": null }, "geometry": { "type": "MultiLineString", "coordinates": [ ] } },
{ "type": "Feature", "properties": { "Longitud K": null, "id": "1", "Estado": null, "Espejo Agu": null, "NombreCami": null }, "geometry": { "type": "MultiLineString", "coordinates": [ ] } },
{ "type": "Feature", "properties": { "Longitud K": null, "id": "1", "Estado": null, "Espejo Agu": null, "NombreCami": null }, "geometry": { "type": "MultiLineString", "coordinates": [ ] } },
{ "type": "Feature", "properties": { "Longitud K": null, "id": "1", "Estado": null, "Espejo Agu": null, "NombreCami": null }, "geometry": { "type": "MultiLineString", "coordinates": [ ] } },
{ "type": "Feature", "properties": { "Longitud K": null, "id": "1", "Estado": null, "Espejo Agu": null, "NombreCami": null }, "geometry": { "type": "MultiLineString", "coordinates": [ ] } },
{ "type": "Feature", "properties": { "Longitud K": null, "id": "1", "Estado": null, "Espejo Agu": null, "NombreCami": null }, "geometry": { "type": "MultiLineString", "coordinates": [ ] } },
{ "type": "Feature", "properties": { "Longitud K": null, "id": "1", "Estado": null, "Espejo Agu": null, "NombreCami": null }, "geometry": { "type": "MultiLineString", "coordinates": [ ] } },
{ "type": "Feature", "properties": { "Longitud K": null, "id": "1", "Estado": null, "Espejo Agu": null, "NombreCami": null }, "geometry": { "type": "MultiLineString", "coordinates": [ ] } },
{ "type": "Feature", "properties": { "Longitud K": null, "id": "1", "Estado": null, "Espejo Agu": null, "NombreCami": null }, "geometry": { "type": "MultiLineString", "coordinates": [ ] } },
{ "type": "Feature", "properties": { "Longitud K": null, "id": "1", "Estado": null, "Espejo Agu": null, "NombreCami": null }, "geometry": { "type": "MultiLineString", "coordinates": [ ] } },
{ "type": "Feature", "properties": { "Longitud K": null, "id": "1", "Estado": null, "Espejo Agu": null, "NombreCami": null }, "geometry": { "type": "MultiLineString", "coordinates": [ ] } },
{ "type": "Feature", "properties": { "Longitud K": null, "id": "1", "Estado": null, "Espejo Agu": null, "NombreCami": null }, "geometry": { "type": "MultiLineString", "coordinates": [ ] } },
{ "type": "Feature", "properties": { "Longitud K": null, "id": "1", "Estado": null, "Espejo Agu": null, "NombreCami": null }, "geometry": { "type": "MultiLineString", "coordinates": [ ] } },
{ "type": "Feature", "properties": { "Longitud K": null, "id": "1", "Estado": null, "Espejo Agu": null, "NombreCami": null }, "geometry": { "type": "MultiLineString", "coordinates": [ ] } },
{ "type": "Feature", "properties": { "Longitud K": null, "id": "1", "Estado": null, "Espejo Agu": null, "NombreCami": null }, "geometry": { "type": "MultiLineString", "coordinates": [ ] } },
{ "type": "Feature", "properties": { "Longitud K": null, "id": "1", "Estado": null, "Espejo Agu": null, "NombreCami": null }, "geometry": { "type": "MultiLineString", "coordinates": [ ] } },
{ "type": "Feature", "properties": { "Longitud K": null, "id": "1", "Estado": null, "Espejo Agu": null, "NombreCami": null }, "geometry": { "type": "MultiLineString", "coordinates": [ ] } },
{ "type": "Feature", "properties": { "Longitud K": null, "id": "1", "Estado": null, "Espejo Agu": null, "NombreCami": null }, "geometry": { "type": "MultiLineString", "coordinates": [ ] } },
{ "type": "Feature", "properties": { "Longitud K": null, "id": "1", "Estado": null, "Espejo Agu": null, "NombreCami": null }, "geometry": { "type": "MultiLineString", "coordinates": [ ] } },
{ "type": "Feature", "properties": { "Longitud K": null, "id": "1", "Estado": null, "Espejo Agu": null, "NombreCami": null }, "geometry": { "type": "MultiLineString", "coordinates": [ ] } },
{ "type": "Feature", "properties": { "Longitud K": null, "id": "1", "Estado": null, "Espejo Agu": null, "NombreCami": null }, "geometry": { "type": "MultiLineString", "coordinates": [ ] } },
{ "type": "Feature", "properties": { "Longitud K": null, "id": "1", "Estado": null, "Espejo Agu": null, "NombreCami": null }, "geometry": { "type": "MultiLineString", "coordinates": [ ] } },
{ "type": "Feature", "properties": { "Longitud K": null, "id": "1", "Estado": null, "Espejo Agu": null, "NombreCami": null }, "geometry": { "type": "MultiLineString", "coordinates": [ ] } },
{ "type": "Feature", "properties": { "Longitud K": null, "id": "1", "Estado": null, "Espejo Agu": null, "NombreCami": null }, "geometry": { "type": "MultiLineString", "coordinates": [ ] } },
{ "type": "Feature", "properties": { "Longitud K": null, "id": "1", "Estado": null, "Espejo Agu": null, "NombreCami": null }, "geometry": { "type": "MultiLineString", "coordinates": [ ] } },
{ "type": "Feature", "properties": { "Longitud K": null, "id": "1", "Estado": null, "Espejo Agu": null, "NombreCami": null }, "geometry": { "type": "MultiLineString", "coordinates": [ ] } },
{ "type": "Feature", "properties": { "Longitud K": null, "id": "1", "Estado": null, "Espejo Agu": null, "NombreCami": null }, "geometry": { "type": "MultiLineString", "coordinates": [ ] } },
{ "type": "Feature", "properties": { "Longitud K": null, "id": "1", "Estado": null, "Espejo Agu": null, "NombreCami": null }, "geometry": { "type": "MultiLineString", "coordinates": [ ] } },
{ "type": "Feature", "properties": { "Longitud K": null, "id": "1", "Estado": null, "Espejo Agu": null, "NombreCami": null }, "geometry": { "type": "MultiLineString", "coordinates": [ ] } },
{ "type": "Feature", "properties": { "Longitud K": null, "id": "1", "Estado": null, "Espejo Agu": null, "NombreCami": null }, "geometry": { "type": "MultiLineString", "coordinates": [ ] } },
{ "type": "Feature", "properties": { "Longitud K": null, "id": "1", "Estado": null, "Espejo Agu": null, "NombreCami": null }, "geometry": { "type": "MultiLineString", "coordinates": [ ] } },
{ "type": "Feature", "properties": { "Longitud K": null, "id": "1", "Estado": null, "Espejo Agu": null, "NombreCami": null }, "geometry": { "type": "MultiLineString", "coordinates": [ ] } },
{ "type": "Feature", "properties": { "Longitud K": null, "id": "1", "Estado": null, "Espejo Agu": null, "NombreCami": null }, "geometry": { "type": "MultiLineString", "coordinates": [ ] } },
{ "type": "Feature", "properties": { "Longitud K": null, "id": "1", "Estado": null, "Espejo Agu": null, "NombreCami": null }, "geometry": { "type": "MultiLineString", "coordinates": [ ] } },
{ "type": "Feature", "properties": { "Longitud K": null, "id": "1", "Estado": null, "Espejo Agu": null, "NombreCami": null }, "geometry": { "type": "MultiLineString", "coordinates": [ [ [ -62.616608045368558, -34.131943759744352 ], [ -62.618992677765284, -34.141254338028681 ], [ -62.62544382335021, -34.165737850194759 ], [ -62.629045338696237, -34.179417321479015 ], [ -62.632387107943089, -34.191911512616308 ] ] ] } },
{ "type": "Feature", "properties": { "Longitud K": null, "id": "1", "Estado": null, "Espejo Agu": null, "NombreCami": null }, "geometry": { "type": "MultiLineString", "coordinates": [ ] } },
{ "type": "Feature", "properties": { "Longitud K": null, "id": "1", "Estado": null, "Espejo Agu": null, "NombreCami": null }, "geometry": { "type": "MultiLineString", "coordinates": [ ] } },
{ "type": "Feature", "properties": { "Longitud K": null, "id": "1", "Estado": null, "Espejo Agu": null, "NombreCami": null }, "geometry": { "type": "MultiLineString", "coordinates": [ ] } },
{ "type": "Feature", "properties": { "Longitud K": null, "id": "1", "Estado": null, "Espejo Agu": null, "NombreCami": null }, "geometry": { "type": "MultiLineString", "coordinates": [ ] } },
{ "type": "Feature", "properties": { "Longitud K": null, "id": "1", "Estado": null, "Espejo Agu": null, "NombreCami": null }, "geometry": { "type": "MultiLineString", "coordinates": [ ] } },
{ "type": "Feature", "properties": { "Longitud K": null, "id": "1", "Estado": null, "Espejo Agu": null, "NombreCami": null }, "geometry": { "type": "MultiLineString", "coordinates": [ ] } },
{ "type": "Feature", "properties": { "Longitud K": null, "id": "1", "Estado": null, "Espejo Agu": null, "NombreCami": null }, "geometry": { "type": "MultiLineString", "coordinates": [ ] } },
{ "type": "Feature", "properties": { "Longitud K": null, "id": "1", "Estado": null, "Espejo Agu": null, "NombreCami": null }, "geometry": { "type": "MultiLineString", "coordinates": [ ] } },
{ "type": "Feature", "properties": { "Longitud K": null, "id": "1", "Estado": null, "Espejo Agu": null, "NombreCami": null }, "geometry": { "type": "MultiLineString", "coordinates": [ ] } },
{ "type": "Feature", "properties": { "Longitud K": null, "id": "1", "Estado": null, "Espejo Agu": null, "NombreCami": null }, "geometry": { "type": "MultiLineString", "coordinates": [ ] } },
{ "type": "Feature", "properties": { "Longitud K": null, "id": "1", "Estado": null, "Espejo Agu": null, "NombreCami": null }, "geometry": { "type": "MultiLineString", "coordinates": [ ] } },
{ "type": "Feature", "properties": { "Longitud K": null, "id": "1", "Estado": null, "Espejo Agu": null, "NombreCami": null }, "geometry": { "type": "MultiLineString", "coordinates": [ ] } },
{ "type": "Feature", "properties": { "Longitud K": null, "id": "1", "Estado": null, "Espejo Agu": null, "NombreCami": null }, "geometry": { "type": "MultiLineString", "coordinates": [ ] } },
{ "type": "Feature", "properties": { "Longitud K": null, "id": "1", "Estado": null, "Espejo Agu": null, "NombreCami": null }, "geometry": { "type": "MultiLineString", "coordinates": [ ] } },
{ "type": "Feature", "properties": { "Longitud K": null, "id": "1", "Estado": null, "Espejo Agu": null, "NombreCami": null }, "geometry": { "type": "MultiLineString", "coordinates": [ ] } },
{ "type": "Feature", "properties": { "Longitud K": null, "id": "1", "Estado": null, "Espejo Agu": null, "NombreCami": null }, "geometry": { "type": "MultiLineString", "coordinates": [ ] } },
{ "type": "Feature", "properties": { "Longitud K": null, "id": "1", "Estado": null, "Espejo Agu": null, "NombreCami": null }, "geometry": { "type": "MultiLineString", "coordinates": [ ] } },
{ "type": "Feature", "properties": { "Longitud K": null, "id": "1", "Estado": null, "Espejo Agu": null, "NombreCami": null }, "geometry": { "type": "MultiLineString", "coordinates": [ ] } },
{ "type": "Feature", "properties": { "Longitud K": null, "id": "1", "Estado": null, "Espejo Agu": null, "NombreCami": null }, "geometry": { "type": "MultiLineString", "coordinates": [ ] } },
{ "type": "Feature", "properties": { "Longitud K": null, "id": "1", "Estado": null, "Espejo Agu": null, "NombreCami": null }, "geometry": { "type": "MultiLineString", "coordinates": [ ] } },
{ "type": "Feature", "properties": { "Longitud K": null, "id": "1", "Estado": null, "Espejo Agu": null, "NombreCami": null }, "geometry": { "type": "MultiLineString", "coordinates": [ ] } },
{ "type": "Feature", "properties": { "Longitud K": null, "id": "1", "Estado": null, "Espejo Agu": null, "NombreCami": null }, "geometry": { "type": "MultiLineString", "coordinates": [ ] } },
{ "type": "Feature", "properties": { "Longitud K": null, "id": "1", "Estado": null, "Espejo Agu": null, "NombreCami": null }, "geometry": { "type": "MultiLineString", "coordinates": [ ] } },
{ "type": "Feature", "properties": { "Longitud K": null, "id": "1", "Estado": null, "Espejo Agu": null, "NombreCami": null }, "geometry": { "type": "MultiLineString", "coordinates": [ ] } },
{ "type": "Feature", "properties": { "Longitud K": null, "id": "1", "Estado": null, "Espejo Agu": null, "NombreCami": null }, "geometry": { "type": "MultiLineString", "coordinates": [ ] } },
{ "type": "Feature", "properties": { "Longitud K": null, "id": "1", "Estado": null, "Espejo Agu": null, "NombreCami": null }, "geometry": { "type": "MultiLineString", "coordinates": [ ] } },
{ "type": "Feature", "properties": { "Longitud K": null, "id": "1", "Estado": null, "Espejo Agu": null, "NombreCami": null }, "geometry": { "type": "MultiLineString", "coordinates": [ ] } },
{ "type": "Feature", "properties": { "Longitud K": null, "id": "1", "Estado": null, "Espejo Agu": null, "NombreCami": null }, "geometry": { "type": "MultiLineString", "coordinates": [ ] } },
{ "type": "Feature", "properties": { "Longitud K": null, "id": "1", "Estado": null, "Espejo Agu": null, "NombreCami": null }, "geometry": { "type": "MultiLineString", "coordinates": [ ] } },
{ "type": "Feature", "properties": { "Longitud K": null, "id": "1", "Estado": null, "Espejo Agu": null, "NombreCami": null }, "geometry": { "type": "MultiLineString", "coordinates": [ ] } },
{ "type": "Feature", "properties": { "Longitud K": null, "id": "1", "Estado": null, "Espejo Agu": null, "NombreCami": null }, "geometry": { "type": "MultiLineString", "coordinates": [ ] } },
{ "type": "Feature", "properties": { "Longitud K": null, "id": "1", "Estado": null, "Espejo Agu": null, "NombreCami": null }, "geometry": { "type": "MultiLineString", "coordinates": [ ] } },
{ "type": "Feature", "properties": { "Longitud K": null, "id": "1", "Estado": null, "Espejo Agu": null, "NombreCami": null }, "geometry": { "type": "MultiLineString", "coordinates": [ ] } },
{ "type": "Feature", "properties": { "Longitud K": null, "id": "1", "Estado": null, "Espejo Agu": null, "NombreCami": null }, "geometry": { "type": "MultiLineString", "coordinates": [ ] } },
{ "type": "Feature", "properties": { "Longitud K": null, "id": "1", "Estado": null, "Espejo Agu": null, "NombreCami": null }, "geometry": { "type": "MultiLineString", "coordinates": [ ] } },
{ "type": "Feature", "properties": { "Longitud K": null, "id": "1", "Estado": null, "Espejo Agu": null, "NombreCami": null }, "geometry": { "type": "MultiLineString", "coordinates": [ ] } },
{ "type": "Feature", "properties": { "Longitud K": null, "id": "1", "Estado": null, "Espejo Agu": null, "NombreCami": null }, "geometry": { "type": "MultiLineString", "coordinates": [ ] } },
{ "type": "Feature", "properties": { "Longitud K": null, "id": "1", "Estado": null, "Espejo Agu": null, "NombreCami": null }, "geometry": { "type": "MultiLineString", "coordinates": [ ] } },
{ "type": "Feature", "properties": { "Longitud K": null, "id": "1", "Estado": null, "Espejo Agu": null, "NombreCami": null }, "geometry": { "type": "MultiLineString", "coordinates": [ ] } },
{ "type": "Feature", "properties": { "Longitud K": null, "id": "1", "Estado": null, "Espejo Agu": null, "NombreCami": null }, "geometry": { "type": "MultiLineString", "coordinates": [ ] } },
{ "type": "Feature", "properties": { "Longitud K": null, "id": "1", "Estado": null, "Espejo Agu": null, "NombreCami": null }, "geometry": { "type": "MultiLineString", "coordinates": [ ] } },
{ "type": "Feature", "properties": { "Longitud K": null, "id": "1", "Estado": null, "Espejo Agu": null, "NombreCami": null }, "geometry": { "type": "MultiLineString", "coordinates": [ ] } },
{ "type": "Feature", "properties": { "Longitud K": null, "id": "1", "Estado": null, "Espejo Agu": null, "NombreCami": null }, "geometry": { "type": "MultiLineString", "coordinates": [ ] } },
{ "type": "Feature", "properties": { "Longitud K": null, "id": "1", "Estado": null, "Espejo Agu": null, "NombreCami": null }, "geometry": { "type": "MultiLineString", "coordinates": [ ] } },
{ "type": "Feature", "properties": { "Longitud K": null, "id": "1", "Estado": null, "Espejo Agu": null, "NombreCami": null }, "geometry": { "type": "MultiLineString", "coordinates": [ ] } },
{ "type": "Feature", "properties": { "Longitud K": null, "id": "1", "Estado": null, "Espejo Agu": null, "NombreCami": null }, "geometry": { "type": "MultiLineString", "coordinates": [ ] } },
{ "type": "Feature", "properties": { "Longitud K": null, "id": "1", "Estado": null, "Espejo Agu": null, "NombreCami": null }, "geometry": { "type": "MultiLineString", "coordinates": [ ] } },
{ "type": "Feature", "properties": { "Longitud K": null, "id": "1", "Estado": null, "Espejo Agu": null, "NombreCami": null }, "geometry": { "type": "MultiLineString", "coordinates": [ ] } },
{ "type": "Feature", "properties": { "Longitud K": null, "id": "1", "Estado": null, "Espejo Agu": null, "NombreCami": null }, "geometry": { "type": "MultiLineString", "coordinates": [ ] } },
{ "type": "Feature", "properties": { "Longitud K": null, "id": "1", "Estado": null, "Espejo Agu": null, "NombreCami": null }, "geometry": { "type": "MultiLineString", "coordinates": [ ] } },
{ "type": "Feature", "properties": { "Longitud K": null, "id": "1", "Estado": null, "Espejo Agu": null, "NombreCami": null }, "geometry": { "type": "MultiLineString", "coordinates": [ ] } },
{ "type": "Feature", "properties": { "Longitud K": null, "id": "1", "Estado": null, "Espejo Agu": null, "NombreCami": null }, "geometry": { "type": "MultiLineString", "coordinates": [ ] } },
{ "type": "Feature", "properties": { "Longitud K": null, "id": "1", "Estado": null, "Espejo Agu": null, "NombreCami": null }, "geometry": { "type": "MultiLineString", "coordinates": [ ] } },
{ "type": "Feature", "properties": { "Longitud K": null, "id": "1", "Estado": null, "Espejo Agu": null, "NombreCami": null }, "geometry": { "type": "MultiLineString", "coordinates": [ ] } },
{ "type": "Feature", "properties": { "Longitud K": null, "id": "1", "Estado": null, "Espejo Agu": null, "NombreCami": null }, "geometry": { "type": "MultiLineString", "coordinates": [ ] } },
{ "type": "Feature", "properties": { "Longitud K": null, "id": "1", "Estado": null, "Espejo Agu": null, "NombreCami": null }, "geometry": { "type": "MultiLineString", "coordinates": [ ] } },
{ "type": "Feature", "properties": { "Longitud K": null, "id": "1", "Estado": null, "Espejo Agu": null, "NombreCami": null }, "geometry": { "type": "MultiLineString", "coordinates": [ ] } },
{ "type": "Feature", "properties": { "Longitud K": null, "id": "1", "Estado": null, "Espejo Agu": null, "NombreCami": null }, "geometry": { "type": "MultiLineString", "coordinates": [ ] } },
{ "type": "Feature", "properties": { "Longitud K": null, "id": "1", "Estado": null, "Espejo Agu": null, "NombreCami": null }, "geometry": { "type": "MultiLineString", "coordinates": [ ] } },
{ "type": "Feature", "properties": { "Longitud K": null, "id": "1", "Estado": null, "Espejo Agu": null, "NombreCami": null }, "geometry": { "type": "MultiLineString", "coordinates": [ ] } },
{ "type": "Feature", "properties": { "Longitud K": null, "id": "1", "Estado": null, "Espejo Agu": null, "NombreCami": null }, "geometry": { "type": "MultiLineString", "coordinates": [ ] } },
{ "type": "Feature", "properties": { "Longitud K": null, "id": "1", "Estado": null, "Espejo Agu": null, "NombreCami": null }, "geometry": { "type": "MultiLineString", "coordinates": [ ] } },
{ "type": "Feature", "properties": { "Longitud K": null, "id": "1", "Estado": null, "Espejo Agu": null, "NombreCami": null }, "geometry": { "type": "MultiLineString", "coordinates": [ ] } },
{ "type": "Feature", "properties": { "Longitud K": null, "id": "1", "Estado": null, "Espejo Agu": null, "NombreCami": null }, "geometry": { "type": "MultiLineString", "coordinates": [ ] } },
{ "type": "Feature", "properties": { "Longitud K": null, "id": "1", "Estado": null, "Espejo Agu": null, "NombreCami": null }, "geometry": { "type": "MultiLineString", "coordinates": [ ] } },
{ "type": "Feature", "properties": { "Longitud K": null, "id": "1", "Estado": null, "Espejo Agu": null, "NombreCami": null }, "geometry": { "type": "MultiLineString", "coordinates": [ ] } },
{ "type": "Feature", "properties": { "Longitud K": null, "id": "1", "Estado": null, "Espejo Agu": null, "NombreCami": null }, "geometry": { "type": "MultiLineString", "coordinates": [ ] } },
{ "type": "Feature", "properties": { "Longitud K": null, "id": "1", "Estado": null, "Espejo Agu": null, "NombreCami": null }, "geometry": { "type": "MultiLineString", "coordinates": [ ] } },
{ "type": "Feature", "properties": { "Longitud K": null, "id": "1", "Estado": null, "Espejo Agu": null, "NombreCami": null }, "geometry": { "type": "MultiLineString", "coordinates": [ ] } },
{ "type": "Feature", "properties": { "Longitud K": null, "id": "1", "Estado": null, "Espejo Agu": null, "NombreCami": null }, "geometry": { "type": "MultiLineString", "coordinates": [ ] } },
{ "type": "Feature", "properties": { "Longitud K": null, "id": "1", "Estado": null, "Espejo Agu": null, "NombreCami": null }, "geometry": { "type": "MultiLineString", "coordinates": [ ] } },
{ "type": "Feature", "properties": { "Longitud K": null, "id": "1", "Estado": null, "Espejo Agu": null, "NombreCami": null }, "geometry": { "type": "MultiLineString", "coordinates": [ ] } },
{ "type": "Feature", "properties": { "Longitud K": null, "id": "1", "Estado": null, "Espejo Agu": null, "NombreCami": null }, "geometry": { "type": "MultiLineString", "coordinates": [ ] } },
{ "type": "Feature", "properties": { "Longitud K": null, "id": "1", "Estado": null, "Espejo Agu": null, "NombreCami": null }, "geometry": { "type": "MultiLineString", "coordinates": [ ] } },
{ "type": "Feature", "properties": { "Longitud K": null, "id": "1", "Estado": null, "Espejo Agu": null, "NombreCami": null }, "geometry": { "type": "MultiLineString", "coordinates": [ ] } },
{ "type": "Feature", "properties": { "Longitud K": null, "id": "1", "Estado": null, "Espejo Agu": null, "NombreCami": null }, "geometry": { "type": "MultiLineString", "coordinates": [ ] } },
{ "type": "Feature", "properties": { "Longitud K": null, "id": "1", "Estado": null, "Espejo Agu": null, "NombreCami": null }, "geometry": { "type": "MultiLineString", "coordinates": [ ] } },
{ "type": "Feature", "properties": { "Longitud K": null, "id": "1", "Estado": null, "Espejo Agu": null, "NombreCami": null }, "geometry": { "type": "MultiLineString", "coordinates": [ ] } },
{ "type": "Feature", "properties": { "Longitud K": null, "id": "1", "Estado": null, "Espejo Agu": null, "NombreCami": null }, "geometry": { "type": "MultiLineString", "coordinates": [ ] } },
{ "type": "Feature", "properties": { "Longitud K": null, "id": "1", "Estado": null, "Espejo Agu": null, "NombreCami": null }, "geometry": { "type": "MultiLineString", "coordinates": [ ] } },
{ "type": "Feature", "properties": { "Longitud K": null, "id": "1", "Estado": null, "Espejo Agu": null, "NombreCami": null }, "geometry": { "type": "MultiLineString", "coordinates": [ ] } },
{ "type": "Feature", "properties": { "Longitud K": null, "id": "1", "Estado": null, "Espejo Agu": null, "NombreCami": null }, "geometry": { "type": "MultiLineString", "coordinates": [ ] } },
{ "type": "Feature", "properties": { "Longitud K": null, "id": "1", "Estado": null, "Espejo Agu": null, "NombreCami": null }, "geometry": { "type": "MultiLineString", "coordinates": [ ] } },
{ "type": "Feature", "properties": { "Longitud K": null, "id": "1", "Estado": null, "Espejo Agu": null, "NombreCami": null }, "geometry": { "type": "MultiLineString", "coordinates": [ ] } },
{ "type": "Feature", "properties": { "Longitud K": null, "id": "1", "Estado": null, "Espejo Agu": null, "NombreCami": null }, "geometry": { "type": "MultiLineString", "coordinates": [ ] } },
{ "type": "Feature", "properties": { "Longitud K": null, "id": "1", "Estado": null, "Espejo Agu": null, "NombreCami": null }, "geometry": { "type": "MultiLineString", "coordinates": [ ] } },
{ "type": "Feature", "properties": { "Longitud K": null, "id": "1", "Estado": null, "Espejo Agu": null, "NombreCami": null }, "geometry": { "type": "MultiLineString", "coordinates": [ ] } },
{ "type": "Feature", "properties": { "Longitud K": null, "id": "1", "Estado": null, "Espejo Agu": null, "NombreCami": null }, "geometry": { "type": "MultiLineString", "coordinates": [ ] } },
{ "type": "Feature", "properties": { "Longitud K": null, "id": "1", "Estado": null, "Espejo Agu": null, "NombreCami": null }, "geometry": { "type": "MultiLineString", "coordinates": [ ] } },
{ "type": "Feature", "properties": { "Longitud K": null, "id": "1", "Estado": null, "Espejo Agu": null, "NombreCami": null }, "geometry": { "type": "MultiLineString", "coordinates": [ ] } },
{ "type": "Feature", "properties": { "Longitud K": null, "id": "1", "Estado": null, "Espejo Agu": null, "NombreCami": null }, "geometry": { "type": "MultiLineString", "coordinates": [ ] } },
{ "type": "Feature", "properties": { "Longitud K": null, "id": "1", "Estado": null, "Espejo Agu": null, "NombreCami": null }, "geometry": { "type": "MultiLineString", "coordinates": [ ] } },
{ "type": "Feature", "properties": { "Longitud K": null, "id": "1", "Estado": null, "Espejo Agu": null, "NombreCami": null }, "geometry": { "type": "MultiLineString", "coordinates": [ ] } },
{ "type": "Feature", "properties": { "Longitud K": null, "id": "1", "Estado": null, "Espejo Agu": null, "NombreCami": null }, "geometry": { "type": "MultiLineString", "coordinates": [ ] } },
{ "type": "Feature", "properties": { "Longitud K": null, "id": "1", "Estado": null, "Espejo Agu": null, "NombreCami": null }, "geometry": { "type": "MultiLineString", "coordinates": [ ] } },
{ "type": "Feature", "properties": { "Longitud K": null, "id": "1", "Estado": null, "Espejo Agu": null, "NombreCami": null }, "geometry": { "type": "MultiLineString", "coordinates": [ ] } },
{ "type": "Feature", "properties": { "Longitud K": null, "id": "1", "Estado": null, "Espejo Agu": null, "NombreCami": null }, "geometry": { "type": "MultiLineString", "coordinates": [ ] } },
{ "type": "Feature", "properties": { "Longitud K": null, "id": "1", "Estado": null, "Espejo Agu": null, "NombreCami": null }, "geometry": { "type": "MultiLineString", "coordinates": [ ] } },
{ "type": "Feature", "properties": { "Longitud K": null, "id": "1", "Estado": null, "Espejo Agu": null, "NombreCami": null }, "geometry": { "type": "MultiLineString", "coordinates": [ ] } },
{ "type": "Feature", "properties": { "Longitud K": null, "id": "1", "Estado": null, "Espejo Agu": null, "NombreCami": null }, "geometry": { "type": "MultiLineString", "coordinates": [ ] } },
{ "type": "Feature", "properties": { "Longitud K": null, "id": "1", "Estado": null, "Espejo Agu": null, "NombreCami": null }, "geometry": { "type": "MultiLineString", "coordinates": [ ] } },
{ "type": "Feature", "properties": { "Longitud K": null, "id": "1", "Estado": null, "Espejo Agu": null, "NombreCami": null }, "geometry": { "type": "MultiLineString", "coordinates": [ ] } },
{ "type": "Feature", "properties": { "Longitud K": null, "id": "1", "Estado": null, "Espejo Agu": null, "NombreCami": null }, "geometry": { "type": "MultiLineString", "coordinates": [ ] } },
{ "type": "Feature", "properties": { "Longitud K": null, "id": "1", "Estado": null, "Espejo Agu": null, "NombreCami": null }, "geometry": { "type": "MultiLineString", "coordinates": [ ] } },
{ "type": "Feature", "properties": { "Longitud K": null, "id": "1", "Estado": null, "Espejo Agu": null, "NombreCami": null }, "geometry": { "type": "MultiLineString", "coordinates": [ ] } },
{ "type": "Feature", "properties": { "Longitud K": null, "id": "1", "Estado": null, "Espejo Agu": null, "NombreCami": null }, "geometry": { "type": "MultiLineString", "coordinates": [ ] } },
{ "type": "Feature", "properties": { "Longitud K": null, "id": "1", "Estado": null, "Espejo Agu": null, "NombreCami": null }, "geometry": { "type": "MultiLineString", "coordinates": [ ] } },
{ "type": "Feature", "properties": { "Longitud K": null, "id": "1", "Estado": null, "Espejo Agu": null, "NombreCami": null }, "geometry": { "type": "MultiLineString", "coordinates": [ ] } },
{ "type": "Feature", "properties": { "Longitud K": null, "id": "1", "Estado": null, "Espejo Agu": null, "NombreCami": null }, "geometry": { "type": "MultiLineString", "coordinates": [ ] } },
{ "type": "Feature", "properties": { "Longitud K": null, "id": "1", "Estado": null, "Espejo Agu": null, "NombreCami": null }, "geometry": { "type": "MultiLineString", "coordinates": [ ] } },
{ "type": "Feature", "properties": { "Longitud K": null, "id": "1", "Estado": null, "Espejo Agu": null, "NombreCami": null }, "geometry": { "type": "MultiLineString", "coordinates": [ ] } },
{ "type": "Feature", "properties": { "Longitud K": null, "id": "1", "Estado": null, "Espejo Agu": null, "NombreCami": null }, "geometry": { "type": "MultiLineString", "coordinates": [ ] } },
{ "type": "Feature", "properties": { "Longitud K": null, "id": "1", "Estado": null, "Espejo Agu": null, "NombreCami": null }, "geometry": { "type": "MultiLineString", "coordinates": [ ] } },
{ "type": "Feature", "properties": { "Longitud K": null, "id": "1", "Estado": null, "Espejo Agu": null, "NombreCami": null }, "geometry": { "type": "MultiLineString", "coordinates": [ ] } },
{ "type": "Feature", "properties": { "Longitud K": null, "id": "1", "Estado": null, "Espejo Agu": null, "NombreCami": null }, "geometry": { "type": "MultiLineString", "coordinates": [ ] } },
{ "type": "Feature", "properties": { "Longitud K": null, "id": "1", "Estado": null, "Espejo Agu": null, "NombreCami": null }, "geometry": { "type": "MultiLineString", "coordinates": [ ] } },
{ "type": "Feature", "properties": { "Longitud K": null, "id": "1", "Estado": null, "Espejo Agu": null, "NombreCami": null }, "geometry": { "type": "MultiLineString", "coordinates": [ ] } },
{ "type": "Feature", "properties": { "Longitud K": null, "id": "1", "Estado": null, "Espejo Agu": null, "NombreCami": null }, "geometry": { "type": "MultiLineString", "coordinates": [ ] } },
{ "type": "Feature", "properties": { "Longitud K": null, "id": "1", "Estado": null, "Espejo Agu": null, "NombreCami": null }, "geometry": { "type": "MultiLineString", "coordinates": [ ] } },
{ "type": "Feature", "properties": { "Longitud K": null, "id": "1", "Estado": null, "Espejo Agu": null, "NombreCami": null }, "geometry": { "type": "MultiLineString", "coordinates": [ ] } },
{ "type": "Feature", "properties": { "Longitud K": null, "id": "1", "Estado": null, "Espejo Agu": null, "NombreCami": null }, "geometry": { "type": "MultiLineString", "coordinates": [ ] } },
{ "type": "Feature", "properties": { "Longitud K": null, "id": "1", "Estado": null, "Espejo Agu": null, "NombreCami": null }, "geometry": { "type": "MultiLineString", "coordinates": [ ] } },
{ "type": "Feature", "properties": { "Longitud K": null, "id": "1", "Estado": null, "Espejo Agu": null, "NombreCami": null }, "geometry": { "type": "MultiLineString", "coordinates": [ ] } },
{ "type": "Feature", "properties": { "Longitud K": null, "id": "1", "Estado": null, "Espejo Agu": null, "NombreCami": null }, "geometry": { "type": "MultiLineString", "coordinates": [ ] } },
{ "type": "Feature", "properties": { "Longitud K": null, "id": "1", "Estado": null, "Espejo Agu": null, "NombreCami": null }, "geometry": { "type": "MultiLineString", "coordinates": [ ] } },
{ "type": "Feature", "properties": { "Longitud K": null, "id": "1", "Estado": null, "Espejo Agu": null, "NombreCami": null }, "geometry": { "type": "MultiLineString", "coordinates": [ ] } },
{ "type": "Feature", "properties": { "Longitud K": null, "id": "1", "Estado": null, "Espejo Agu": null, "NombreCami": null }, "geometry": { "type": "MultiLineString", "coordinates": [ ] } },
{ "type": "Feature", "properties": { "Longitud K": null, "id": "1", "Estado": null, "Espejo Agu": null, "NombreCami": null }, "geometry": { "type": "MultiLineString", "coordinates": [ ] } },
{ "type": "Feature", "properties": { "Longitud K": null, "id": "1", "Estado": null, "Espejo Agu": null, "NombreCami": null }, "geometry": { "type": "MultiLineString", "coordinates": [ ] } },
{ "type": "Feature", "properties": { "Longitud K": null, "id": "1", "Estado": null, "Espejo Agu": null, "NombreCami": null }, "geometry": { "type": "MultiLineString", "coordinates": [ ] } },
{ "type": "Feature", "properties": { "Longitud K": null, "id": "1", "Estado": null, "Espejo Agu": null, "NombreCami": null }, "geometry": { "type": "MultiLineString", "coordinates": [ ] } },
{ "type": "Feature", "properties": { "Longitud K": null, "id": "1", "Estado": null, "Espejo Agu": null, "NombreCami": null }, "geometry": { "type": "MultiLineString", "coordinates": [ ] } },
{ "type": "Feature", "properties": { "Longitud K": null, "id": "1", "Estado": null, "Espejo Agu": null, "NombreCami": null }, "geometry": { "type": "MultiLineString", "coordinates": [ ] } },
{ "type": "Feature", "properties": { "Longitud K": null, "id": "1", "Estado": null, "Espejo Agu": null, "NombreCami": null }, "geometry": { "type": "MultiLineString", "coordinates": [ ] } },
{ "type": "Feature", "properties": { "Longitud K": null, "id": "1", "Estado": null, "Espejo Agu": null, "NombreCami": null }, "geometry": { "type": "MultiLineString", "coordinates": [ ] } },
{ "type": "Feature", "properties": { "Longitud K": null, "id": "1", "Estado": null, "Espejo Agu": null, "NombreCami": null }, "geometry": { "type": "MultiLineString", "coordinates": [ ] } },
{ "type": "Feature", "properties": { "Longitud K": null, "id": "1", "Estado": null, "Espejo Agu": null, "NombreCami": null }, "geometry": { "type": "MultiLineString", "coordinates": [ ] } },
{ "type": "Feature", "properties": { "Longitud K": null, "id": "1", "Estado": null, "Espejo Agu": null, "NombreCami": null }, "geometry": { "type": "MultiLineString", "coordinates": [ ] } },
{ "type": "Feature", "properties": { "Longitud K": null, "id": "1", "Estado": null, "Espejo Agu": null, "NombreCami": null }, "geometry": { "type": "MultiLineString", "coordinates": [ ] } },
{ "type": "Feature", "properties": { "Longitud K": null, "id": "1", "Estado": null, "Espejo Agu": null, "NombreCami": null }, "geometry": { "type": "MultiLineString", "coordinates": [ ] } },
{ "type": "Feature", "properties": { "Longitud K": null, "id": "1", "Estado": null, "Espejo Agu": null, "NombreCami": null }, "geometry": { "type": "MultiLineString", "coordinates": [ ] } },
{ "type": "Feature", "properties": { "Longitud K": null, "id": "1", "Estado": null, "Espejo Agu": null, "NombreCami": null }, "geometry": { "type": "MultiLineString", "coordinates": [ ] } },
{ "type": "Feature", "properties": { "Longitud K": null, "id": "1", "Estado": null, "Espejo Agu": null, "NombreCami": null }, "geometry": { "type": "MultiLineString", "coordinates": [ ] } },
{ "type": "Feature", "properties": { "Longitud K": null, "id": "1", "Estado": null, "Espejo Agu": null, "NombreCami": null }, "geometry": { "type": "MultiLineString", "coordinates": [ ] } },
{ "type": "Feature", "properties": { "Longitud K": null, "id": "1", "Estado": null, "Espejo Agu": null, "NombreCami": null }, "geometry": { "type": "MultiLineString", "coordinates": [ ] } },
{ "type": "Feature", "properties": { "Longitud K": null, "id": "1", "Estado": null, "Espejo Agu": null, "NombreCami": null }, "geometry": { "type": "MultiLineString", "coordinates": [ ] } },
{ "type": "Feature", "properties": { "Longitud K": null, "id": "1", "Estado": null, "Espejo Agu": null, "NombreCami": null }, "geometry": { "type": "MultiLineString", "coordinates": [ ] } },
{ "type": "Feature", "properties": { "Longitud K": null, "id": "1", "Estado": null, "Espejo Agu": null, "NombreCami": null }, "geometry": { "type": "MultiLineString", "coordinates": [ ] } },
{ "type": "Feature", "properties": { "Longitud K": null, "id": "1", "Estado": null, "Espejo Agu": null, "NombreCami": null }, "geometry": { "type": "MultiLineString", "coordinates": [ ] } },
{ "type": "Feature", "properties": { "Longitud K": null, "id": "1", "Estado": null, "Espejo Agu": null, "NombreCami": null }, "geometry": { "type": "MultiLineString", "coordinates": [ ] } },
{ "type": "Feature", "properties": { "Longitud K": null, "id": "1", "Estado": null, "Espejo Agu": null, "NombreCami": null }, "geometry": { "type": "MultiLineString", "coordinates": [ ] } },
{ "type": "Feature", "properties": { "Longitud K": null, "id": "1", "Estado": null, "Espejo Agu": null, "NombreCami": null }, "geometry": { "type": "MultiLineString", "coordinates": [ ] } },
{ "type": "Feature", "properties": { "Longitud K": null, "id": "1", "Estado": null, "Espejo Agu": null, "NombreCami": null }, "geometry": { "type": "MultiLineString", "coordinates": [ ] } },
{ "type": "Feature", "properties": { "Longitud K": null, "id": "1", "Estado": null, "Espejo Agu": null, "NombreCami": null }, "geometry": { "type": "MultiLineString", "coordinates": [ ] } },
{ "type": "Feature", "properties": { "Longitud K": null, "id": "1", "Estado": null, "Espejo Agu": null, "NombreCami": null }, "geometry": { "type": "MultiLineString", "coordinates": [ ] } },
{ "type": "Feature", "properties": { "Longitud K": null, "id": "1", "Estado": null, "Espejo Agu": null, "NombreCami": null }, "geometry": { "type": "MultiLineString", "coordinates": [ ] } },
{ "type": "Feature", "properties": { "Longitud K": null, "id": "1", "Estado": null, "Espejo Agu": null, "NombreCami": null }, "geometry": { "type": "MultiLineString", "coordinates": [ ] } },
{ "type": "Feature", "properties": { "Longitud K": null, "id": "1", "Estado": null, "Espejo Agu": null, "NombreCami": null }, "geometry": { "type": "MultiLineString", "coordinates": [ ] } },
{ "type": "Feature", "properties": { "Longitud K": null, "id": "1", "Estado": null, "Espejo Agu": null, "NombreCami": null }, "geometry": { "type": "MultiLineString", "coordinates": [ ] } },
{ "type": "Feature", "properties": { "Longitud K": null, "id": "1", "Estado": null, "Espejo Agu": null, "NombreCami": null }, "geometry": { "type": "MultiLineString", "coordinates": [ ] } },
{ "type": "Feature", "properties": { "Longitud K": null, "id": "1", "Estado": null, "Espejo Agu": null, "NombreCami": null }, "geometry": { "type": "MultiLineString", "coordinates": [ ] } },
{ "type": "Feature", "properties": { "Longitud K": null, "id": "1", "Estado": null, "Espejo Agu": null, "NombreCami": null }, "geometry": { "type": "MultiLineString", "coordinates": [ ] } },
{ "type": "Feature", "properties": { "Longitud K": null, "id": "1", "Estado": null, "Espejo Agu": null, "NombreCami": null }, "geometry": { "type": "MultiLineString", "coordinates": [ ] } },
{ "type": "Feature", "properties": { "Longitud K": null, "id": "1", "Estado": null, "Espejo Agu": null, "NombreCami": null }, "geometry": { "type": "MultiLineString", "coordinates": [ ] } },
{ "type": "Feature", "properties": { "Longitud K": null, "id": "1", "Estado": null, "Espejo Agu": null, "NombreCami": null }, "geometry": { "type": "MultiLineString", "coordinates": [ ] } },
{ "type": "Feature", "properties": { "Longitud K": null, "id": "1", "Estado": null, "Espejo Agu": null, "NombreCami": null }, "geometry": { "type": "MultiLineString", "coordinates": [ ] } },
{ "type": "Feature", "properties": { "Longitud K": null, "id": "1", "Estado": null, "Espejo Agu": null, "NombreCami": null }, "geometry": { "type": "MultiLineString", "coordinates": [ ] } },
{ "type": "Feature", "properties": { "Longitud K": null, "id": "1", "Estado": null, "Espejo Agu": null, "NombreCami": null }, "geometry": { "type": "MultiLineString", "coordinates": [ ] } },
{ "type": "Feature", "properties": { "Longitud K": null, "id": "1", "Estado": null, "Espejo Agu": null, "NombreCami": null }, "geometry": { "type": "MultiLineString", "coordinates": [ ] } },
{ "type": "Feature", "properties": { "Longitud K": null, "id": "1", "Estado": null, "Espejo Agu": null, "NombreCami": null }, "geometry": { "type": "MultiLineString", "coordinates": [ ] } },
{ "type": "Feature", "properties": { "Longitud K": null, "id": "1", "Estado": null, "Espejo Agu": null, "NombreCami": null }, "geometry": { "type": "MultiLineString", "coordinates": [ ] } },
{ "type": "Feature", "properties": { "Longitud K": null, "id": "1", "Estado": null, "Espejo Agu": null, "NombreCami": null }, "geometry": { "type": "MultiLineString", "coordinates": [ ] } },
{ "type": "Feature", "properties": { "Longitud K": null, "id": "1", "Estado": null, "Espejo Agu": null, "NombreCami": null }, "geometry": { "type": "MultiLineString", "coordinates": [ ] } },
{ "type": "Feature", "properties": { "Longitud K": null, "id": "1", "Estado": null, "Espejo Agu": null, "NombreCami": null }, "geometry": { "type": "MultiLineString", "coordinates": [ ] } },
{ "type": "Feature", "properties": { "Longitud K": null, "id": "1", "Estado": null, "Espejo Agu": null, "NombreCami": null }, "geometry": { "type": "MultiLineString", "coordinates": [ ] } },
{ "type": "Feature", "properties": { "Longitud K": null, "id": "1", "Estado": null, "Espejo Agu": null, "NombreCami": null }, "geometry": { "type": "MultiLineString", "coordinates": [ ] } },
{ "type": "Feature", "properties": { "Longitud K": null, "id": "1", "Estado": null, "Espejo Agu": null, "NombreCami": null }, "geometry": { "type": "MultiLineString", "coordinates": [ ] } },
{ "type": "Feature", "properties": { "Longitud K": null, "id": "1", "Estado": null, "Espejo Agu": null, "NombreCami": null }, "geometry": { "type": "MultiLineString", "coordinates": [ ] } },
{ "type": "Feature", "properties": { "Longitud K": null, "id": "1", "Estado": null, "Espejo Agu": null, "NombreCami": null }, "geometry": { "type": "MultiLineString", "coordinates": [ ] } },
{ "type": "Feature", "properties": { "Longitud K": null, "id": "1", "Estado": null, "Espejo Agu": null, "NombreCami": null }, "geometry": { "type": "MultiLineString", "coordinates": [ ] } },
{ "type": "Feature", "properties": { "Longitud K": null, "id": "1", "Estado": null, "Espejo Agu": null, "NombreCami": null }, "geometry": { "type": "MultiLineString", "coordinates": [ ] } },
{ "type": "Feature", "properties": { "Longitud K": null, "id": "1", "Estado": null, "Espejo Agu": null, "NombreCami": null }, "geometry": { "type": "MultiLineString", "coordinates": [ ] } },
{ "type": "Feature", "properties": { "Longitud K": null, "id": "1", "Estado": null, "Espejo Agu": null, "NombreCami": null }, "geometry": { "type": "MultiLineString", "coordinates": [ ] } },
{ "type": "Feature", "properties": { "Longitud K": null, "id": "1", "Estado": null, "Espejo Agu": null, "NombreCami": null }, "geometry": { "type": "MultiLineString", "coordinates": [ ] } },
{ "type": "Feature", "properties": { "Longitud K": null, "id": "1", "Estado": null, "Espejo Agu": null, "NombreCami": null }, "geometry": { "type": "MultiLineString", "coordinates": [ ] } },
{ "type": "Feature", "properties": { "Longitud K": null, "id": "1", "Estado": null, "Espejo Agu": null, "NombreCami": null }, "geometry": { "type": "MultiLineString", "coordinates": [ ] } },
{ "type": "Feature", "properties": { "Longitud K": null, "id": "1", "Estado": null, "Espejo Agu": null, "NombreCami": null }, "geometry": { "type": "MultiLineString", "coordinates": [ ] } },
{ "type": "Feature", "properties": { "Longitud K": null, "id": "1", "Estado": null, "Espejo Agu": null, "NombreCami": null }, "geometry": { "type": "MultiLineString", "coordinates": [ ] } },
{ "type": "Feature", "properties": { "Longitud K": null, "id": "1", "Estado": null, "Espejo Agu": null, "NombreCami": null }, "geometry": { "type": "MultiLineString", "coordinates": [ ] } },
{ "type": "Feature", "properties": { "Longitud K": null, "id": "1", "Estado": null, "Espejo Agu": null, "NombreCami": null }, "geometry": { "type": "MultiLineString", "coordinates": [ ] } },
{ "type": "Feature", "properties": { "Longitud K": null, "id": "1", "Estado": null, "Espejo Agu": null, "NombreCami": null }, "geometry": { "type": "MultiLineString", "coordinates": [ [ [ -62.693292639947231, -34.180704141525254 ], [ -62.710013757453083, -34.17763301640538 ] ] ] } },
{ "type": "Feature", "properties": { "Longitud K": "5.09", "id": "10", "Estado": "Abierto", "Espejo Agu": null, "NombreCami": "Camino N� 10" }, "geometry": { "type": "MultiLineString", "coordinates": [ [ [ -62.624580425500433, -34.19341080015122 ], [ -62.645776003454053, -34.273355607599349 ] ] ] } },
{ "type": "Feature", "properties": { "Longitud K": null, "id": "1", "Estado": null, "Espejo Agu": null, "NombreCami": null }, "geometry": { "type": "MultiLineString", "coordinates": [ ] } },
{ "type": "Feature", "properties": { "Longitud K": "6.42", "id": "11", "Estado": "Abierto", "Espejo Agu": null, "NombreCami": "Camino N� 11" }, "geometry": { "type": "MultiLineString", "coordinates": [ [ [ -62.63831844770673, -34.190820223438209 ], [ -62.659456080849822, -34.270607549805966 ] ] ] } },
{ "type": "Feature", "properties": { "Longitud K": null, "id": "1", "Estado": null, "Espejo Agu": null, "NombreCami": null }, "geometry": { "type": "MultiLineString", "coordinates": [ ] } },
{ "type": "Feature", "properties": { "Longitud K": null, "id": "1", "Estado": null, "Espejo Agu": null, "NombreCami": null }, "geometry": { "type": "MultiLineString", "coordinates": [ ] } },
{ "type": "Feature", "properties": { "Longitud K": null, "id": "1", "Estado": null, "Espejo Agu": null, "NombreCami": null }, "geometry": { "type": "MultiLineString", "coordinates": [ ] } },
{ "type": "Feature", "properties": { "Longitud K": null, "id": "1", "Estado": null, "Espejo Agu": null, "NombreCami": null }, "geometry": { "type": "MultiLineString", "coordinates": [ [ [ -62.539660452790578, -34.188260431602139 ], [ -62.542717986055301, -34.199932322950296 ], [ -62.54365975629198, -34.20339540270308 ], [ -62.544978423871143, -34.208243681902729 ], [ -62.546533399882613, -34.214257147052585 ], [ -62.548109513577671, -34.220966739588121 ], [ -62.55021225237045, -34.228658132518831 ] ] ] } },
{ "type": "Feature", "properties": { "Longitud K": null, "id": "1", "Estado": null, "Espejo Agu": null, "NombreCami": null }, "geometry": { "type": "MultiLineString", "coordinates": [ ] } },
{ "type": "Feature", "properties": { "Longitud K": null, "id": "1", "Estado": null, "Espejo Agu": null, "NombreCami": null }, "geometry": { "type": "MultiLineString", "coordinates": [ [ [ -62.55021225237045, -34.228658132518831 ], [ -62.552553586894049, -34.237333648084906 ], [ -62.555051162689331, -34.247701955202189 ], [ -62.557671857028168, -34.257597934782332 ], [ -62.560097967507573, -34.26658364322634 ], [ -62.563072697226644, -34.278063041953899 ], [ -62.565924709098283, -34.289333153032352 ] ] ] } },
{ "type": "Feature", "properties": { "Longitud K": null, "id": "1", "Estado": null, "Espejo Agu": null, "NombreCami": null }, "geometry": { "type": "MultiLineString", "coordinates": [ [ [ -62.678418571106945, -34.277390264055263 ], [ -62.680844936765475, -34.28667396870614 ] ] ] } },
{ "type": "Feature", "properties": { "Longitud K": "4.06", "id": "24", "Estado": "Abierto", "Espejo Agu": null, "NombreCami": "Camino N� 24" }, "geometry": { "type": "MultiLineString", "coordinates": [ [ [ -62.713349484943642, -34.280730490724174 ], [ -62.715758298415011, -34.289934181448352 ], [ -62.718233301566457, -34.299364319153739 ], [ -62.720363252275305, -34.307503705230566 ], [ -62.722717149610602, -34.316493349123256 ] ] ] } },
{ "type": "Feature", "properties": { "Longitud K": null, "id": "1", "Estado": null, "Espejo Agu": null, "NombreCami": null }, "geometry": { "type": "MultiLineString", "coordinates": [ [ [ -62.623495353132753, -34.287457489855797 ], [ -62.621082768056517, -34.278311092916091 ] ] ] } },
{ "type": "Feature", "properties": { "Longitud K": null, "id": "1", "Estado": null, "Espejo Agu": null, "NombreCami": null }, "geometry": { "type": "MultiLineString", "coordinates": [ [ [ -62.824316044567816, -34.358266517998722 ], [ -62.816785286696387, -34.359616198254436 ], [ -62.803624764491218, -34.362134943933953 ], [ -62.792838827691114, -34.363964838596523 ], [ -62.785799222733132, -34.365151800436486 ], [ -62.781959680912053, -34.365867592313357 ] ] ] } },
{ "type": "Feature", "properties": { "Longitud K": null, "id": "1", "Estado": null, "Espejo Agu": null, "NombreCami": null }, "geometry": { "type": "MultiLineString", "coordinates": [ ] } },
{ "type": "Feature", "properties": { "Longitud K": null, "id": "1", "Estado": null, "Espejo Agu": null, "NombreCami": null }, "geometry": { "type": "MultiLineString", "coordinates": [ [ [ -62.739818198755493, -34.294679472410685 ], [ -62.722475456945503, -34.297791249707608 ], [ -62.716410876749194, -34.298836675293273 ], [ -62.707284700223084, -34.300475392077665 ], [ -62.706200666413039, -34.300632695489242 ], [ -62.696373534935461, -34.302385236429977 ] ] ] } },
{ "type": "Feature", "properties": { "Longitud K": null, "id": "1", "Estado": null, "Espejo Agu": null, "NombreCami": null }, "geometry": { "type": "MultiLineString", "coordinates": [ ] } },
{ "type": "Feature", "properties": { "Longitud K": null, "id": "1", "Estado": null, "Espejo Agu": null, "NombreCami": null }, "geometry": { "type": "MultiLineString", "coordinates": [ ] } },
{ "type": "Feature", "properties": { "Longitud K": null, "id": "1", "Estado": null, "Espejo Agu": null, "NombreCami": null }, "geometry": { "type": "MultiLineString", "coordinates": [ ] } },
{ "type": "Feature", "properties": { "Longitud K": null, "id": "1", "Estado": null, "Espejo Agu": null, "NombreCami": null }, "geometry": { "type": "MultiLineString", "coordinates": [ ] } },
{ "type": "Feature", "properties": { "Longitud K": null, "id": "1", "Estado": null, "Espejo Agu": null, "NombreCami": null }, "geometry": { "type": "MultiLineString", "coordinates": [ ] } },
{ "type": "Feature", "properties": { "Longitud K": null, "id": "1", "Estado": null, "Espejo Agu": null, "NombreCami": null }, "geometry": { "type": "MultiLineString", "coordinates": [ ] } },
{ "type": "Feature", "properties": { "Longitud K": null, "id": "1", "Estado": null, "Espejo Agu": null, "NombreCami": null }, "geometry": { "type": "MultiLineString", "coordinates": [ ] } },
{ "type": "Feature", "properties": { "Longitud K": null, "id": "1", "Estado": null, "Espejo Agu": null, "NombreCami": null }, "geometry": { "type": "MultiLineString", "coordinates": [ ] } },
{ "type": "Feature", "properties": { "Longitud K": null, "id": "1", "Estado": null, "Espejo Agu": null, "NombreCami": null }, "geometry": { "type": "MultiLineString", "coordinates": [ ] } },
{ "type": "Feature", "properties": { "Longitud K": null, "id": "1", "Estado": null, "Espejo Agu": null, "NombreCami": null }, "geometry": { "type": "MultiLineString", "coordinates": [ ] } },
{ "type": "Feature", "properties": { "Longitud K": null, "id": "1", "Estado": null, "Espejo Agu": null, "NombreCami": null }, "geometry": { "type": "MultiLineString", "coordinates": [ ] } },
{ "type": "Feature", "properties": { "Longitud K": null, "id": "1", "Estado": null, "Espejo Agu": null, "NombreCami": null }, "geometry": { "type": "MultiLineString", "coordinates": [ ] } },
{ "type": "Feature", "properties": { "Longitud K": null, "id": "1", "Estado": null, "Espejo Agu": null, "NombreCami": null }, "geometry": { "type": "MultiLineString", "coordinates": [ ] } },
{ "type": "Feature", "properties": { "Longitud K": null, "id": "1", "Estado": null, "Espejo Agu": null, "NombreCami": null }, "geometry": { "type": "MultiLineString", "coordinates": [ ] } },
{ "type": "Feature", "properties": { "Longitud K": null, "id": "1", "Estado": null, "Espejo Agu": null, "NombreCami": null }, "geometry": { "type": "MultiLineString", "coordinates": [ ] } },
{ "type": "Feature", "properties": { "Longitud K": null, "id": "1", "Estado": null, "Espejo Agu": null, "NombreCami": null }, "geometry": { "type": "MultiLineString", "coordinates": [ ] } },
{ "type": "Feature", "properties": { "Longitud K": null, "id": "1", "Estado": null, "Espejo Agu": null, "NombreCami": null }, "geometry": { "type": "MultiLineString", "coordinates": [ ] } },
{ "type": "Feature", "properties": { "Longitud K": null, "id": "1", "Estado": null, "Espejo Agu": null, "NombreCami": null }, "geometry": { "type": "MultiLineString", "coordinates": [ ] } },
{ "type": "Feature", "properties": { "Longitud K": null, "id": "1", "Estado": null, "Espejo Agu": null, "NombreCami": null }, "geometry": { "type": "MultiLineString", "coordinates": [ ] } },
{ "type": "Feature", "properties": { "Longitud K": null, "id": "1", "Estado": null, "Espejo Agu": null, "NombreCami": null }, "geometry": { "type": "MultiLineString", "coordinates": [ ] } },
{ "type": "Feature", "properties": { "Longitud K": null, "id": "1", "Estado": null, "Espejo Agu": null, "NombreCami": null }, "geometry": { "type": "MultiLineString", "coordinates": [ ] } },
{ "type": "Feature", "properties": { "Longitud K": null, "id": "1", "Estado": null, "Espejo Agu": null, "NombreCami": null }, "geometry": { "type": "MultiLineString", "coordinates": [ ] } },
{ "type": "Feature", "properties": { "Longitud K": null, "id": "1", "Estado": null, "Espejo Agu": null, "NombreCami": null }, "geometry": { "type": "MultiLineString", "coordinates": [ ] } },
{ "type": "Feature", "properties": { "Longitud K": null, "id": "1", "Estado": null, "Espejo Agu": null, "NombreCami": null }, "geometry": { "type": "MultiLineString", "coordinates": [ ] } },
{ "type": "Feature", "properties": { "Longitud K": null, "id": "1", "Estado": null, "Espejo Agu": null, "NombreCami": null }, "geometry": { "type": "MultiLineString", "coordinates": [ ] } },
{ "type": "Feature", "properties": { "Longitud K": null, "id": "1", "Estado": null, "Espejo Agu": null, "NombreCami": null }, "geometry": { "type": "MultiLineString", "coordinates": [ ] } },
{ "type": "Feature", "properties": { "Longitud K": null, "id": "1", "Estado": null, "Espejo Agu": null, "NombreCami": null }, "geometry": { "type": "MultiLineString", "coordinates": [ ] } },
{ "type": "Feature", "properties": { "Longitud K": null, "id": "1", "Estado": null, "Espejo Agu": null, "NombreCami": null }, "geometry": { "type": "MultiLineString", "coordinates": [ ] } },
{ "type": "Feature", "properties": { "Longitud K": null, "id": "1", "Estado": null, "Espejo Agu": null, "NombreCami": null }, "geometry": { "type": "MultiLineString", "coordinates": [ ] } },
{ "type": "Feature", "properties": { "Longitud K": null, "id": "1", "Estado": null, "Espejo Agu": null, "NombreCami": null }, "geometry": { "type": "MultiLineString", "coordinates": [ ] } },
{ "type": "Feature", "properties": { "Longitud K": null, "id": "1", "Estado": null, "Espejo Agu": null, "NombreCami": null }, "geometry": { "type": "MultiLineString", "coordinates": [ ] } },
{ "type": "Feature", "properties": { "Longitud K": null, "id": "1", "Estado": null, "Espejo Agu": null, "NombreCami": null }, "geometry": { "type": "MultiLineString", "coordinates": [ ] } },
{ "type": "Feature", "properties": { "Longitud K": null, "id": "1", "Estado": null, "Espejo Agu": null, "NombreCami": null }, "geometry": { "type": "MultiLineString", "coordinates": [ ] } },
{ "type": "Feature", "properties": { "Longitud K": null, "id": "1", "Estado": null, "Espejo Agu": null, "NombreCami": null }, "geometry": { "type": "MultiLineString", "coordinates": [ ] } },
{ "type": "Feature", "properties": { "Longitud K": null, "id": "1", "Estado": null, "Espejo Agu": null, "NombreCami": null }, "geometry": { "type": "MultiLineString", "coordinates": [ ] } },
{ "type": "Feature", "properties": { "Longitud K": null, "id": "1", "Estado": null, "Espejo Agu": null, "NombreCami": null }, "geometry": { "type": "MultiLineString", "coordinates": [ ] } },
{ "type": "Feature", "properties": { "Longitud K": null, "id": "1", "Estado": null, "Espejo Agu": null, "NombreCami": null }, "geometry": { "type": "MultiLineString", "coordinates": [ ] } },
{ "type": "Feature", "properties": { "Longitud K": null, "id": "1", "Estado": null, "Espejo Agu": null, "NombreCami": null }, "geometry": { "type": "MultiLineString", "coordinates": [ ] } },
{ "type": "Feature", "properties": { "Longitud K": null, "id": "1", "Estado": null, "Espejo Agu": null, "NombreCami": null }, "geometry": { "type": "MultiLineString", "coordinates": [ ] } },
{ "type": "Feature", "properties": { "Longitud K": null, "id": "1", "Estado": null, "Espejo Agu": null, "NombreCami": null }, "geometry": { "type": "MultiLineString", "coordinates": [ ] } },
{ "type": "Feature", "properties": { "Longitud K": null, "id": "1", "Estado": null, "Espejo Agu": null, "NombreCami": null }, "geometry": { "type": "MultiLineString", "coordinates": [ ] } },
{ "type": "Feature", "properties": { "Longitud K": null, "id": "1", "Estado": null, "Espejo Agu": null, "NombreCami": null }, "geometry": { "type": "MultiLineString", "coordinates": [ ] } },
{ "type": "Feature", "properties": { "Longitud K": null, "id": "1", "Estado": null, "Espejo Agu": null, "NombreCami": null }, "geometry": { "type": "MultiLineString", "coordinates": [ ] } },
{ "type": "Feature", "properties": { "Longitud K": null, "id": "1", "Estado": null, "Espejo Agu": null, "NombreCami": null }, "geometry": { "type": "MultiLineString", "coordinates": [ ] } },
{ "type": "Feature", "properties": { "Longitud K": null, "id": "1", "Estado": null, "Espejo Agu": null, "NombreCami": null }, "geometry": { "type": "MultiLineString", "coordinates": [ ] } },
{ "type": "Feature", "properties": { "Longitud K": null, "id": "1", "Estado": null, "Espejo Agu": null, "NombreCami": null }, "geometry": { "type": "MultiLineString", "coordinates": [ ] } },
{ "type": "Feature", "properties": { "Longitud K": null, "id": "1", "Estado": null, "Espejo Agu": null, "NombreCami": null }, "geometry": { "type": "MultiLineString", "coordinates": [ [ [ -62.606470287491263, -34.222240973628651 ], [ -62.607478382911282, -34.226390634126993 ], [ -62.61043900461808, -34.237428860074338 ], [ -62.612084519701355, -34.243700679961897 ], [ -62.613648133058298, -34.249947269257603 ], [ -62.615417793133041, -34.256514726832059 ], [ -62.616765105988556, -34.262082565252655 ], [ -62.61881249169253, -34.270010734998003 ], [ -62.621082768056517, -34.278311092916091 ] ] ] } },
{ "type": "Feature", "properties": { "Longitud K": "2.10", "id": "39", "Estado": "Abierto", "Espejo Agu": null, "NombreCami": "Camino N� 39" }, "geometry": { "type": "MultiLineString", "coordinates": [ [ [ -62.840142517311406, -34.328712868638043 ], [ -62.83332523863529, -34.329971912623563 ], [ -62.827142393213826, -34.331064061646416 ], [ -62.81784816587259, -34.332795534574274 ] ] ] } },
{ "type": "Feature", "properties": { "Longitud K": null, "id": "1", "Estado": null, "Espejo Agu": null, "NombreCami": null }, "geometry": { "type": "MultiLineString", "coordinates": [ ] } },
{ "type": "Feature", "properties": { "Longitud K": null, "id": "1", "Estado": null, "Espejo Agu": null, "NombreCami": null }, "geometry": { "type": "MultiLineString", "coordinates": [ ] } },
{ "type": "Feature", "properties": { "Longitud K": null, "id": "1", "Estado": null, "Espejo Agu": null, "NombreCami": null }, "geometry": { "type": "MultiLineString", "coordinates": [ ] } },
{ "type": "Feature", "properties": { "Longitud K": null, "id": "1", "Estado": null, "Espejo Agu": null, "NombreCami": null }, "geometry": { "type": "MultiLineString", "coordinates": [ ] } },
{ "type": "Feature", "properties": { "Longitud K": null, "id": "1", "Estado": null, "Espejo Agu": null, "NombreCami": null }, "geometry": { "type": "MultiLineString", "coordinates": [ ] } },
{ "type": "Feature", "properties": { "Longitud K": null, "id": "1", "Estado": null, "Espejo Agu": null, "NombreCami": null }, "geometry": { "type": "MultiLineString", "coordinates": [ ] } },
{ "type": "Feature", "properties": { "Longitud K": null, "id": "1", "Estado": null, "Espejo Agu": null, "NombreCami": null }, "geometry": { "type": "MultiLineString", "coordinates": [ ] } },
{ "type": "Feature", "properties": { "Longitud K": null, "id": "1", "Estado": null, "Espejo Agu": null, "NombreCami": null }, "geometry": { "type": "MultiLineString", "coordinates": [ ] } },
{ "type": "Feature", "properties": { "Longitud K": null, "id": "1", "Estado": null, "Espejo Agu": null, "NombreCami": null }, "geometry": { "type": "MultiLineString", "coordinates": [ ] } },
{ "type": "Feature", "properties": { "Longitud K": null, "id": "1", "Estado": null, "Espejo Agu": null, "NombreCami": null }, "geometry": { "type": "MultiLineString", "coordinates": [ ] } },
{ "type": "Feature", "properties": { "Longitud K": null, "id": "1", "Estado": null, "Espejo Agu": null, "NombreCami": null }, "geometry": { "type": "MultiLineString", "coordinates": [ ] } },
{ "type": "Feature", "properties": { "Longitud K": null, "id": "1", "Estado": null, "Espejo Agu": null, "NombreCami": null }, "geometry": { "type": "MultiLineString", "coordinates": [ ] } },
{ "type": "Feature", "properties": { "Longitud K": null, "id": "1", "Estado": null, "Espejo Agu": null, "NombreCami": null }, "geometry": { "type": "MultiLineString", "coordinates": [ ] } },
{ "type": "Feature", "properties": { "Longitud K": null, "id": "1", "Estado": null, "Espejo Agu": null, "NombreCami": null }, "geometry": { "type": "MultiLineString", "coordinates": [ ] } },
{ "type": "Feature", "properties": { "Longitud K": null, "id": "1", "Estado": null, "Espejo Agu": null, "NombreCami": null }, "geometry": { "type": "MultiLineString", "coordinates": [ ] } },
{ "type": "Feature", "properties": { "Longitud K": null, "id": "1", "Estado": null, "Espejo Agu": null, "NombreCami": null }, "geometry": { "type": "MultiLineString", "coordinates": [ ] } },
{ "type": "Feature", "properties": { "Longitud K": null, "id": "1", "Estado": null, "Espejo Agu": null, "NombreCami": null }, "geometry": { "type": "MultiLineString", "coordinates": [ ] } },
{ "type": "Feature", "properties": { "Longitud K": null, "id": "1", "Estado": null, "Espejo Agu": null, "NombreCami": null }, "geometry": { "type": "MultiLineString", "coordinates": [ ] } },
{ "type": "Feature", "properties": { "Longitud K": null, "id": "1", "Estado": null, "Espejo Agu": null, "NombreCami": null }, "geometry": { "type": "MultiLineString", "coordinates": [ ] } },
{ "type": "Feature", "properties": { "Longitud K": null, "id": "1", "Estado": null, "Espejo Agu": null, "NombreCami": null }, "geometry": { "type": "MultiLineString", "coordinates": [ ] } },
{ "type": "Feature", "properties": { "Longitud K": null, "id": "1", "Estado": null, "Espejo Agu": null, "NombreCami": null }, "geometry": { "type": "MultiLineString", "coordinates": [ ] } },
{ "type": "Feature", "properties": { "Longitud K": null, "id": "1", "Estado": null, "Espejo Agu": null, "NombreCami": null }, "geometry": { "type": "MultiLineString", "coordinates": [ ] } },
{ "type": "Feature", "properties": { "Longitud K": null, "id": "1", "Estado": null, "Espejo Agu": null, "NombreCami": null }, "geometry": { "type": "MultiLineString", "coordinates": [ ] } },
{ "type": "Feature", "properties": { "Longitud K": null, "id": "1", "Estado": null, "Espejo Agu": null, "NombreCami": null }, "geometry": { "type": "MultiLineString", "coordinates": [ ] } },
{ "type": "Feature", "properties": { "Longitud K": null, "id": "1", "Estado": null, "Espejo Agu": null, "NombreCami": null }, "geometry": { "type": "MultiLineString", "coordinates": [ ] } },
{ "type": "Feature", "properties": { "Longitud K": null, "id": "1", "Estado": null, "Espejo Agu": null, "NombreCami": null }, "geometry": { "type": "MultiLineString", "coordinates": [ ] } },
{ "type": "Feature", "properties": { "Longitud K": null, "id": "1", "Estado": null, "Espejo Agu": null, "NombreCami": null }, "geometry": { "type": "MultiLineString", "coordinates": [ ] } },
{ "type": "Feature", "properties": { "Longitud K": null, "id": "1", "Estado": null, "Espejo Agu": null, "NombreCami": null }, "geometry": { "type": "MultiLineString", "coordinates": [ ] } },
{ "type": "Feature", "properties": { "Longitud K": null, "id": "1", "Estado": null, "Espejo Agu": null, "NombreCami": null }, "geometry": { "type": "MultiLineString", "coordinates": [ ] } },
{ "type": "Feature", "properties": { "Longitud K": null, "id": "1", "Estado": null, "Espejo Agu": null, "NombreCami": null }, "geometry": { "type": "MultiLineString", "coordinates": [ ] } },
{ "type": "Feature", "properties": { "Longitud K": null, "id": "1", "Estado": null, "Espejo Agu": null, "NombreCami": null }, "geometry": { "type": "MultiLineString", "coordinates": [ ] } },
{ "type": "Feature", "properties": { "Longitud K": null, "id": "1", "Estado": null, "Espejo Agu": null, "NombreCami": null }, "geometry": { "type": "MultiLineString", "coordinates": [ ] } },
{ "type": "Feature", "properties": { "Longitud K": null, "id": "1", "Estado": null, "Espejo Agu": null, "NombreCami": null }, "geometry": { "type": "MultiLineString", "coordinates": [ ] } },
{ "type": "Feature", "properties": { "Longitud K": null, "id": "1", "Estado": null, "Espejo Agu": null, "NombreCami": null }, "geometry": { "type": "MultiLineString", "coordinates": [ ] } },
{ "type": "Feature", "properties": { "Longitud K": null, "id": "1", "Estado": null, "Espejo Agu": null, "NombreCami": null }, "geometry": { "type": "MultiLineString", "coordinates": [ ] } },
{ "type": "Feature", "properties": { "Longitud K": null, "id": "1", "Estado": null, "Espejo Agu": null, "NombreCami": null }, "geometry": { "type": "MultiLineString", "coordinates": [ ] } },
{ "type": "Feature", "properties": { "Longitud K": null, "id": "1", "Estado": null, "Espejo Agu": null, "NombreCami": null }, "geometry": { "type": "MultiLineString", "coordinates": [ ] } },
{ "type": "Feature", "properties": { "Longitud K": null, "id": "1", "Estado": null, "Espejo Agu": null, "NombreCami": null }, "geometry": { "type": "MultiLineString", "coordinates": [ ] } },
{ "type": "Feature", "properties": { "Longitud K": null, "id": "1", "Estado": null, "Espejo Agu": null, "NombreCami": null }, "geometry": { "type": "MultiLineString", "coordinates": [ ] } },
{ "type": "Feature", "properties": { "Longitud K": null, "id": "1", "Estado": null, "Espejo Agu": null, "NombreCami": null }, "geometry": { "type": "MultiLineString", "coordinates": [ ] } },
{ "type": "Feature", "properties": { "Longitud K": null, "id": "1", "Estado": null, "Espejo Agu": null, "NombreCami": null }, "geometry": { "type": "MultiLineString", "coordinates": [ ] } },
{ "type": "Feature", "properties": { "Longitud K": null, "id": "1", "Estado": null, "Espejo Agu": null, "NombreCami": null }, "geometry": { "type": "MultiLineString", "coordinates": [ ] } },
{ "type": "Feature", "properties": { "Longitud K": null, "id": "1", "Estado": null, "Espejo Agu": null, "NombreCami": null }, "geometry": { "type": "MultiLineString", "coordinates": [ ] } },
{ "type": "Feature", "properties": { "Longitud K": null, "id": "1", "Estado": null, "Espejo Agu": null, "NombreCami": null }, "geometry": { "type": "MultiLineString", "coordinates": [ ] } },
{ "type": "Feature", "properties": { "Longitud K": null, "id": "1", "Estado": null, "Espejo Agu": null, "NombreCami": null }, "geometry": { "type": "MultiLineString", "coordinates": [ ] } },
{ "type": "Feature", "properties": { "Longitud K": null, "id": "1", "Estado": null, "Espejo Agu": null, "NombreCami": null }, "geometry": { "type": "MultiLineString", "coordinates": [ ] } },
{ "type": "Feature", "properties": { "Longitud K": null, "id": "1", "Estado": null, "Espejo Agu": null, "NombreCami": null }, "geometry": { "type": "MultiLineString", "coordinates": [ ] } },
{ "type": "Feature", "properties": { "Longitud K": null, "id": "1", "Estado": null, "Espejo Agu": null, "NombreCami": null }, "geometry": { "type": "MultiLineString", "coordinates": [ ] } },
{ "type": "Feature", "properties": { "Longitud K": null, "id": "1", "Estado": null, "Espejo Agu": null, "NombreCami": null }, "geometry": { "type": "MultiLineString", "coordinates": [ ] } },
{ "type": "Feature", "properties": { "Longitud K": null, "id": "1", "Estado": null, "Espejo Agu": null, "NombreCami": null }, "geometry": { "type": "MultiLineString", "coordinates": [ ] } },
{ "type": "Feature", "properties": { "Longitud K": null, "id": "1", "Estado": null, "Espejo Agu": null, "NombreCami": null }, "geometry": { "type": "MultiLineString", "coordinates": [ ] } },
{ "type": "Feature", "properties": { "Longitud K": null, "id": "1", "Estado": null, "Espejo Agu": null, "NombreCami": null }, "geometry": { "type": "MultiLineString", "coordinates": [ ] } },
{ "type": "Feature", "properties": { "Longitud K": null, "id": "1", "Estado": null, "Espejo Agu": null, "NombreCami": null }, "geometry": { "type": "MultiLineString", "coordinates": [ ] } },
{ "type": "Feature", "properties": { "Longitud K": null, "id": "1", "Estado": null, "Espejo Agu": null, "NombreCami": null }, "geometry": { "type": "MultiLineString", "coordinates": [ ] } },
{ "type": "Feature", "properties": { "Longitud K": null, "id": "1", "Estado": null, "Espejo Agu": null, "NombreCami": null }, "geometry": { "type": "MultiLineString", "coordinates": [ ] } },
{ "type": "Feature", "properties": { "Longitud K": null, "id": "1", "Estado": null, "Espejo Agu": null, "NombreCami": null }, "geometry": { "type": "MultiLineString", "coordinates": [ ] } },
{ "type": "Feature", "properties": { "Longitud K": null, "id": "1", "Estado": null, "Espejo Agu": null, "NombreCami": null }, "geometry": { "type": "MultiLineString", "coordinates": [ ] } },
{ "type": "Feature", "properties": { "Longitud K": null, "id": "1", "Estado": null, "Espejo Agu": null, "NombreCami": null }, "geometry": { "type": "MultiLineString", "coordinates": [ ] } },
{ "type": "Feature", "properties": { "Longitud K": null, "id": "1", "Estado": null, "Espejo Agu": null, "NombreCami": null }, "geometry": { "type": "MultiLineString", "coordinates": [ ] } },
{ "type": "Feature", "properties": { "Longitud K": null, "id": "1", "Estado": null, "Espejo Agu": null, "NombreCami": null }, "geometry": { "type": "MultiLineString", "coordinates": [ ] } },
{ "type": "Feature", "properties": { "Longitud K": null, "id": "1", "Estado": null, "Espejo Agu": null, "NombreCami": null }, "geometry": { "type": "MultiLineString", "coordinates": [ ] } },
{ "type": "Feature", "properties": { "Longitud K": null, "id": "1", "Estado": null, "Espejo Agu": null, "NombreCami": null }, "geometry": { "type": "MultiLineString", "coordinates": [ ] } },
{ "type": "Feature", "properties": { "Longitud K": null, "id": "1", "Estado": null, "Espejo Agu": null, "NombreCami": null }, "geometry": { "type": "MultiLineString", "coordinates": [ ] } },
{ "type": "Feature", "properties": { "Longitud K": null, "id": "1", "Estado": null, "Espejo Agu": null, "NombreCami": null }, "geometry": { "type": "MultiLineString", "coordinates": [ ] } },
{ "type": "Feature", "properties": { "Longitud K": null, "id": "1", "Estado": null, "Espejo Agu": null, "NombreCami": null }, "geometry": { "type": "MultiLineString", "coordinates": [ ] } },
{ "type": "Feature", "properties": { "Longitud K": null, "id": "1", "Estado": null, "Espejo Agu": null, "NombreCami": null }, "geometry": { "type": "MultiLineString", "coordinates": [ ] } },
{ "type": "Feature", "properties": { "Longitud K": null, "id": "1", "Estado": null, "Espejo Agu": null, "NombreCami": null }, "geometry": { "type": "MultiLineString", "coordinates": [ ] } },
{ "type": "Feature", "properties": { "Longitud K": null, "id": "1", "Estado": null, "Espejo Agu": null, "NombreCami": null }, "geometry": { "type": "MultiLineString", "coordinates": [ ] } },
{ "type": "Feature", "properties": { "Longitud K": null, "id": "1", "Estado": null, "Espejo Agu": null, "NombreCami": null }, "geometry": { "type": "MultiLineString", "coordinates": [ ] } },
{ "type": "Feature", "properties": { "Longitud K": null, "id": "1", "Estado": null, "Espejo Agu": null, "NombreCami": null }, "geometry": { "type": "MultiLineString", "coordinates": [ ] } },
{ "type": "Feature", "properties": { "Longitud K": null, "id": "1", "Estado": null, "Espejo Agu": null, "NombreCami": null }, "geometry": { "type": "MultiLineString", "coordinates": [ ] } },
{ "type": "Feature", "properties": { "Longitud K": null, "id": "1", "Estado": null, "Espejo Agu": null, "NombreCami": null }, "geometry": { "type": "MultiLineString", "coordinates": [ ] } },
{ "type": "Feature", "properties": { "Longitud K": null, "id": "1", "Estado": null, "Espejo Agu": null, "NombreCami": null }, "geometry": { "type": "MultiLineString", "coordinates": [ ] } },
{ "type": "Feature", "properties": { "Longitud K": null, "id": "1", "Estado": null, "Espejo Agu": null, "NombreCami": null }, "geometry": { "type": "MultiLineString", "coordinates": [ ] } },
{ "type": "Feature", "properties": { "Longitud K": null, "id": "1", "Estado": null, "Espejo Agu": null, "NombreCami": null }, "geometry": { "type": "MultiLineString", "coordinates": [ ] } },
{ "type": "Feature", "properties": { "Longitud K": null, "id": "1", "Estado": null, "Espejo Agu": null, "NombreCami": null }, "geometry": { "type": "MultiLineString", "coordinates": [ ] } },
{ "type": "Feature", "properties": { "Longitud K": null, "id": "1", "Estado": null, "Espejo Agu": null, "NombreCami": null }, "geometry": { "type": "MultiLineString", "coordinates": [ ] } },
{ "type": "Feature", "properties": { "Longitud K": null, "id": "1", "Estado": null, "Espejo Agu": null, "NombreCami": null }, "geometry": { "type": "MultiLineString", "coordinates": [ ] } },
{ "type": "Feature", "properties": { "Longitud K": null, "id": "1", "Estado": null, "Espejo Agu": null, "NombreCami": null }, "geometry": { "type": "MultiLineString", "coordinates": [ ] } },
{ "type": "Feature", "properties": { "Longitud K": null, "id": "1", "Estado": null, "Espejo Agu": null, "NombreCami": null }, "geometry": { "type": "MultiLineString", "coordinates": [ ] } },
{ "type": "Feature", "properties": { "Longitud K": null, "id": "1", "Estado": null, "Espejo Agu": null, "NombreCami": null }, "geometry": { "type": "MultiLineString", "coordinates": [ ] } },
{ "type": "Feature", "properties": { "Longitud K": null, "id": "1", "Estado": null, "Espejo Agu": null, "NombreCami": null }, "geometry": { "type": "MultiLineString", "coordinates": [ ] } },
{ "type": "Feature", "properties": { "Longitud K": null, "id": "1", "Estado": null, "Espejo Agu": null, "NombreCami": null }, "geometry": { "type": "MultiLineString", "coordinates": [ ] } },
{ "type": "Feature", "properties": { "Longitud K": null, "id": "1", "Estado": null, "Espejo Agu": null, "NombreCami": null }, "geometry": { "type": "MultiLineString", "coordinates": [ ] } },
{ "type": "Feature", "properties": { "Longitud K": null, "id": "1", "Estado": null, "Espejo Agu": null, "NombreCami": null }, "geometry": { "type": "MultiLineString", "coordinates": [ ] } },
{ "type": "Feature", "properties": { "Longitud K": null, "id": "1", "Estado": null, "Espejo Agu": null, "NombreCami": null }, "geometry": { "type": "MultiLineString", "coordinates": [ ] } },
{ "type": "Feature", "properties": { "Longitud K": null, "id": "1", "Estado": null, "Espejo Agu": null, "NombreCami": null }, "geometry": { "type": "MultiLineString", "coordinates": [ ] } },
{ "type": "Feature", "properties": { "Longitud K": null, "id": "1", "Estado": null, "Espejo Agu": null, "NombreCami": null }, "geometry": { "type": "MultiLineString", "coordinates": [ ] } },
{ "type": "Feature", "properties": { "Longitud K": null, "id": "1", "Estado": null, "Espejo Agu": null, "NombreCami": null }, "geometry": { "type": "MultiLineString", "coordinates": [ ] } },
{ "type": "Feature", "properties": { "Longitud K": null, "id": "1", "Estado": null, "Espejo Agu": null, "NombreCami": null }, "geometry": { "type": "MultiLineString", "coordinates": [ ] } },
{ "type": "Feature", "properties": { "Longitud K": null, "id": "1", "Estado": null, "Espejo Agu": null, "NombreCami": null }, "geometry": { "type": "MultiLineString", "coordinates": [ ] } },
{ "type": "Feature", "properties": { "Longitud K": null, "id": "1", "Estado": null, "Espejo Agu": null, "NombreCami": null }, "geometry": { "type": "MultiLineString", "coordinates": [ ] } },
{ "type": "Feature", "properties": { "Longitud K": null, "id": "1", "Estado": null, "Espejo Agu": null, "NombreCami": null }, "geometry": { "type": "MultiLineString", "coordinates": [ ] } },
{ "type": "Feature", "properties": { "Longitud K": null, "id": "1", "Estado": null, "Espejo Agu": null, "NombreCami": null }, "geometry": { "type": "MultiLineString", "coordinates": [ ] } },
{ "type": "Feature", "properties": { "Longitud K": null, "id": "1", "Estado": null, "Espejo Agu": null, "NombreCami": null }, "geometry": { "type": "MultiLineString", "coordinates": [ ] } },
{ "type": "Feature", "properties": { "Longitud K": null, "id": "1", "Estado": null, "Espejo Agu": null, "NombreCami": null }, "geometry": { "type": "MultiLineString", "coordinates": [ ] } },
{ "type": "Feature", "properties": { "Longitud K": null, "id": "1", "Estado": null, "Espejo Agu": null, "NombreCami": null }, "geometry": { "type": "MultiLineString", "coordinates": [ ] } },
{ "type": "Feature", "properties": { "Longitud K": null, "id": "1", "Estado": null, "Espejo Agu": null, "NombreCami": null }, "geometry": { "type": "MultiLineString", "coordinates": [ ] } },
{ "type": "Feature", "properties": { "Longitud K": null, "id": "1", "Estado": null, "Espejo Agu": null, "NombreCami": null }, "geometry": { "type": "MultiLineString", "coordinates": [ ] } },
{ "type": "Feature", "properties": { "Longitud K": null, "id": "1", "Estado": null, "Espejo Agu": null, "NombreCami": null }, "geometry": { "type": "MultiLineString", "coordinates": [ ] } },
{ "type": "Feature", "properties": { "Longitud K": null, "id": "1", "Estado": null, "Espejo Agu": null, "NombreCami": null }, "geometry": { "type": "MultiLineString", "coordinates": [ ] } },
{ "type": "Feature", "properties": { "Longitud K": null, "id": "1", "Estado": null, "Espejo Agu": null, "NombreCami": null }, "geometry": { "type": "MultiLineString", "coordinates": [ ] } },
{ "type": "Feature", "properties": { "Longitud K": null, "id": "1", "Estado": null, "Espejo Agu": null, "NombreCami": null }, "geometry": { "type": "MultiLineString", "coordinates": [ ] } },
{ "type": "Feature", "properties": { "Longitud K": null, "id": "1", "Estado": null, "Espejo Agu": null, "NombreCami": null }, "geometry": { "type": "MultiLineString", "coordinates": [ ] } },
{ "type": "Feature", "properties": { "Longitud K": null, "id": "1", "Estado": null, "Espejo Agu": null, "NombreCami": null }, "geometry": { "type": "MultiLineString", "coordinates": [ ] } },
{ "type": "Feature", "properties": { "Longitud K": null, "id": "1", "Estado": null, "Espejo Agu": null, "NombreCami": null }, "geometry": { "type": "MultiLineString", "coordinates": [ ] } },
{ "type": "Feature", "properties": { "Longitud K": null, "id": "1", "Estado": null, "Espejo Agu": null, "NombreCami": null }, "geometry": { "type": "MultiLineString", "coordinates": [ ] } },
{ "type": "Feature", "properties": { "Longitud K": null, "id": "1", "Estado": null, "Espejo Agu": null, "NombreCami": null }, "geometry": { "type": "MultiLineString", "coordinates": [ ] } },
{ "type": "Feature", "properties": { "Longitud K": null, "id": "1", "Estado": null, "Espejo Agu": null, "NombreCami": null }, "geometry": { "type": "MultiLineString", "coordinates": [ ] } },
{ "type": "Feature", "properties": { "Longitud K": null, "id": "1", "Estado": null, "Espejo Agu": null, "NombreCami": null }, "geometry": { "type": "MultiLineString", "coordinates": [ ] } },
{ "type": "Feature", "properties": { "Longitud K": null, "id": "1", "Estado": null, "Espejo Agu": null, "NombreCami": null }, "geometry": { "type": "MultiLineString", "coordinates": [ ] } },
{ "type": "Feature", "properties": { "Longitud K": null, "id": "1", "Estado": null, "Espejo Agu": null, "NombreCami": null }, "geometry": { "type": "MultiLineString", "coordinates": [ ] } },
{ "type": "Feature", "properties": { "Longitud K": null, "id": "1", "Estado": null, "Espejo Agu": null, "NombreCami": null }, "geometry": { "type": "MultiLineString", "coordinates": [ ] } },
{ "type": "Feature", "properties": { "Longitud K": null, "id": "1", "Estado": null, "Espejo Agu": null, "NombreCami": null }, "geometry": { "type": "MultiLineString", "coordinates": [ ] } },
{ "type": "Feature", "properties": { "Longitud K": null, "id": "1", "Estado": null, "Espejo Agu": null, "NombreCami": null }, "geometry": { "type": "MultiLineString", "coordinates": [ ] } },
{ "type": "Feature", "properties": { "Longitud K": null, "id": "1", "Estado": null, "Espejo Agu": null, "NombreCami": null }, "geometry": { "type": "MultiLineString", "coordinates": [ ] } },
{ "type": "Feature", "properties": { "Longitud K": null, "id": "1", "Estado": null, "Espejo Agu": null, "NombreCami": null }, "geometry": { "type": "MultiLineString", "coordinates": [ ] } },
{ "type": "Feature", "properties": { "Longitud K": null, "id": "1", "Estado": null, "Espejo Agu": null, "NombreCami": null }, "geometry": { "type": "MultiLineString", "coordinates": [ ] } },
{ "type": "Feature", "properties": { "Longitud K": null, "id": "1", "Estado": null, "Espejo Agu": null, "NombreCami": null }, "geometry": { "type": "MultiLineString", "coordinates": [ ] } },
{ "type": "Feature", "properties": { "Longitud K": null, "id": "1", "Estado": null, "Espejo Agu": null, "NombreCami": null }, "geometry": { "type": "MultiLineString", "coordinates": [ ] } },
{ "type": "Feature", "properties": { "Longitud K": null, "id": "1", "Estado": null, "Espejo Agu": null, "NombreCami": null }, "geometry": { "type": "MultiLineString", "coordinates": [ ] } },
{ "type": "Feature", "properties": { "Longitud K": null, "id": "1", "Estado": null, "Espejo Agu": null, "NombreCami": null }, "geometry": { "type": "MultiLineString", "coordinates": [ ] } },
{ "type": "Feature", "properties": { "Longitud K": null, "id": "1", "Estado": null, "Espejo Agu": null, "NombreCami": null }, "geometry": { "type": "MultiLineString", "coordinates": [ ] } },
{ "type": "Feature", "properties": { "Longitud K": null, "id": "1", "Estado": null, "Espejo Agu": null, "NombreCami": null }, "geometry": { "type": "MultiLineString", "coordinates": [ ] } },
{ "type": "Feature", "properties": { "Longitud K": null, "id": "1", "Estado": null, "Espejo Agu": null, "NombreCami": null }, "geometry": { "type": "MultiLineString", "coordinates": [ ] } },
{ "type": "Feature", "properties": { "Longitud K": null, "id": "1", "Estado": null, "Espejo Agu": null, "NombreCami": null }, "geometry": { "type": "MultiLineString", "coordinates": [ [ [ -62.548563949189685, -33.999244802787921 ], [ -62.543906194043139, -33.981583946399695 ], [ -62.539439287509204, -33.964359968513428 ], [ -62.537733397025555, -33.957927334367092 ], [ -62.537054898366911, -33.954975289174456 ], [ -62.537265536149746, -33.954821345118646 ], [ -62.537408197957234, -33.954501539451321 ], [ -62.537387005932601, -33.953788043072826 ] ] ] } },
{ "type": "Feature", "properties": { "Longitud K": null, "id": "1", "Estado": null, "Espejo Agu": null, "NombreCami": null }, "geometry": { "type": "MultiLineString", "coordinates": [ ] } },
{ "type": "Feature", "properties": { "Longitud K": null, "id": "1", "Estado": null, "Espejo Agu": null, "NombreCami": null }, "geometry": { "type": "MultiLineString", "coordinates": [ ] } },
{ "type": "Feature", "properties": { "Longitud K": null, "id": "1", "Estado": null, "Espejo Agu": null, "NombreCami": null }, "geometry": { "type": "MultiLineString", "coordinates": [ ] } },
{ "type": "Feature", "properties": { "Longitud K": null, "id": "1", "Estado": null, "Espejo Agu": null, "NombreCami": null }, "geometry": { "type": "MultiLineString", "coordinates": [ ] } },
{ "type": "Feature", "properties": { "Longitud K": null, "id": "1", "Estado": null, "Espejo Agu": null, "NombreCami": null }, "geometry": { "type": "MultiLineString", "coordinates": [ ] } },
{ "type": "Feature", "properties": { "Longitud K": null, "id": "1", "Estado": null, "Espejo Agu": null, "NombreCami": null }, "geometry": { "type": "MultiLineString", "coordinates": [ ] } },
{ "type": "Feature", "properties": { "Longitud K": null, "id": "1", "Estado": null, "Espejo Agu": null, "NombreCami": null }, "geometry": { "type": "MultiLineString", "coordinates": [ ] } },
{ "type": "Feature", "properties": { "Longitud K": null, "id": "1", "Estado": null, "Espejo Agu": null, "NombreCami": null }, "geometry": { "type": "MultiLineString", "coordinates": [ ] } },
{ "type": "Feature", "properties": { "Longitud K": null, "id": "1", "Estado": null, "Espejo Agu": null, "NombreCami": null }, "geometry": { "type": "MultiLineString", "coordinates": [ ] } },
{ "type": "Feature", "properties": { "Longitud K": null, "id": "1", "Estado": null, "Espejo Agu": null, "NombreCami": null }, "geometry": { "type": "MultiLineString", "coordinates": [ ] } },
{ "type": "Feature", "properties": { "Longitud K": null, "id": "1", "Estado": null, "Espejo Agu": null, "NombreCami": null }, "geometry": { "type": "MultiLineString", "coordinates": [ ] } },
{ "type": "Feature", "properties": { "Longitud K": null, "id": "1", "Estado": null, "Espejo Agu": null, "NombreCami": null }, "geometry": { "type": "MultiLineString", "coordinates": [ ] } },
{ "type": "Feature", "properties": { "Longitud K": null, "id": "1", "Estado": null, "Espejo Agu": null, "NombreCami": null }, "geometry": { "type": "MultiLineString", "coordinates": [ ] } },
{ "type": "Feature", "properties": { "Longitud K": null, "id": "1", "Estado": null, "Espejo Agu": null, "NombreCami": null }, "geometry": { "type": "MultiLineString", "coordinates": [ ] } },
{ "type": "Feature", "properties": { "Longitud K": null, "id": "1", "Estado": null, "Espejo Agu": null, "NombreCami": null }, "geometry": { "type": "MultiLineString", "coordinates": [ ] } },
{ "type": "Feature", "properties": { "Longitud K": null, "id": "1", "Estado": null, "Espejo Agu": null, "NombreCami": null }, "geometry": { "type": "MultiLineString", "coordinates": [ ] } },
{ "type": "Feature", "properties": { "Longitud K": null, "id": "1", "Estado": null, "Espejo Agu": null, "NombreCami": null }, "geometry": { "type": "MultiLineString", "coordinates": [ ] } },
{ "type": "Feature", "properties": { "Longitud K": null, "id": "1", "Estado": null, "Espejo Agu": null, "NombreCami": null }, "geometry": { "type": "MultiLineString", "coordinates": [ ] } },
{ "type": "Feature", "properties": { "Longitud K": null, "id": "1", "Estado": null, "Espejo Agu": null, "NombreCami": null }, "geometry": { "type": "MultiLineString", "coordinates": [ ] } },
{ "type": "Feature", "properties": { "Longitud K": null, "id": "1", "Estado": null, "Espejo Agu": null, "NombreCami": null }, "geometry": { "type": "MultiLineString", "coordinates": [ ] } },
{ "type": "Feature", "properties": { "Longitud K": null, "id": "1", "Estado": null, "Espejo Agu": null, "NombreCami": null }, "geometry": { "type": "MultiLineString", "coordinates": [ ] } },
{ "type": "Feature", "properties": { "Longitud K": null, "id": "1", "Estado": null, "Espejo Agu": null, "NombreCami": null }, "geometry": { "type": "MultiLineString", "coordinates": [ ] } },
{ "type": "Feature", "properties": { "Longitud K": null, "id": "1", "Estado": null, "Espejo Agu": null, "NombreCami": null }, "geometry": { "type": "MultiLineString", "coordinates": [ ] } },
{ "type": "Feature", "properties": { "Longitud K": null, "id": "1", "Estado": null, "Espejo Agu": null, "NombreCami": null }, "geometry": { "type": "MultiLineString", "coordinates": [ ] } },
{ "type": "Feature", "properties": { "Longitud K": null, "id": "1", "Estado": null, "Espejo Agu": null, "NombreCami": null }, "geometry": { "type": "MultiLineString", "coordinates": [ ] } },
{ "type": "Feature", "properties": { "Longitud K": null, "id": "1", "Estado": null, "Espejo Agu": null, "NombreCami": null }, "geometry": { "type": "MultiLineString", "coordinates": [ ] } },
{ "type": "Feature", "properties": { "Longitud K": null, "id": "1", "Estado": null, "Espejo Agu": null, "NombreCami": null }, "geometry": { "type": "MultiLineString", "coordinates": [ ] } },
{ "type": "Feature", "properties": { "Longitud K": null, "id": "1", "Estado": null, "Espejo Agu": null, "NombreCami": null }, "geometry": { "type": "MultiLineString", "coordinates": [ ] } },
{ "type": "Feature", "properties": { "Longitud K": null, "id": "1", "Estado": null, "Espejo Agu": null, "NombreCami": null }, "geometry": { "type": "MultiLineString", "coordinates": [ ] } },
{ "type": "Feature", "properties": { "Longitud K": null, "id": "1", "Estado": null, "Espejo Agu": null, "NombreCami": null }, "geometry": { "type": "MultiLineString", "coordinates": [ ] } },
{ "type": "Feature", "properties": { "Longitud K": null, "id": "1", "Estado": null, "Espejo Agu": null, "NombreCami": null }, "geometry": { "type": "MultiLineString", "coordinates": [ ] } },
{ "type": "Feature", "properties": { "Longitud K": null, "id": "1", "Estado": null, "Espejo Agu": null, "NombreCami": null }, "geometry": { "type": "MultiLineString", "coordinates": [ ] } },
{ "type": "Feature", "properties": { "Longitud K": null, "id": "1", "Estado": null, "Espejo Agu": null, "NombreCami": null }, "geometry": { "type": "MultiLineString", "coordinates": [ ] } },
{ "type": "Feature", "properties": { "Longitud K": null, "id": "1", "Estado": null, "Espejo Agu": null, "NombreCami": null }, "geometry": { "type": "MultiLineString", "coordinates": [ ] } },
{ "type": "Feature", "properties": { "Longitud K": null, "id": "1", "Estado": null, "Espejo Agu": null, "NombreCami": null }, "geometry": { "type": "MultiLineString", "coordinates": [ ] } },
{ "type": "Feature", "properties": { "Longitud K": null, "id": "1", "Estado": null, "Espejo Agu": null, "NombreCami": null }, "geometry": { "type": "MultiLineString", "coordinates": [ ] } },
{ "type": "Feature", "properties": { "Longitud K": null, "id": "1", "Estado": null, "Espejo Agu": null, "NombreCami": null }, "geometry": { "type": "MultiLineString", "coordinates": [ ] } },
{ "type": "Feature", "properties": { "Longitud K": null, "id": "1", "Estado": null, "Espejo Agu": null, "NombreCami": null }, "geometry": { "type": "MultiLineString", "coordinates": [ ] } },
{ "type": "Feature", "properties": { "Longitud K": null, "id": "1", "Estado": null, "Espejo Agu": null, "NombreCami": null }, "geometry": { "type": "MultiLineString", "coordinates": [ ] } },
{ "type": "Feature", "properties": { "Longitud K": null, "id": "1", "Estado": null, "Espejo Agu": null, "NombreCami": null }, "geometry": { "type": "MultiLineString", "coordinates": [ ] } },
{ "type": "Feature", "properties": { "Longitud K": null, "id": "1", "Estado": null, "Espejo Agu": null, "NombreCami": null }, "geometry": { "type": "MultiLineString", "coordinates": [ ] } },
{ "type": "Feature", "properties": { "Longitud K": null, "id": "1", "Estado": "abierto", "Espejo Agu": null, "NombreCami": "Nº 42" }, "geometry": { "type": "MultiLineString", "coordinates": [ ] } },
{ "type": "Feature", "properties": { "Longitud K": null, "id": "1", "Estado": null, "Espejo Agu": null, "NombreCami": null }, "geometry": { "type": "MultiLineString", "coordinates": [ ] } },
{ "type": "Feature", "properties": { "Longitud K": null, "id": "1", "Estado": null, "Espejo Agu": null, "NombreCami": null }, "geometry": { "type": "MultiLineString", "coordinates": [ ] } },
{ "type": "Feature", "properties": { "Longitud K": null, "id": "1", "Estado": null, "Espejo Agu": null, "NombreCami": null }, "geometry": { "type": "MultiLineString", "coordinates": [ ] } },
{ "type": "Feature", "properties": { "Longitud K": null, "id": "1", "Estado": null, "Espejo Agu": null, "NombreCami": null }, "geometry": { "type": "MultiLineString", "coordinates": [ ] } },
{ "type": "Feature", "properties": { "Longitud K": null, "id": "1", "Estado": null, "Espejo Agu": null, "NombreCami": null }, "geometry": { "type": "MultiLineString", "coordinates": [ ] } },
{ "type": "Feature", "properties": { "Longitud K": null, "id": "1", "Estado": null, "Espejo Agu": null, "NombreCami": null }, "geometry": { "type": "MultiLineString", "coordinates": [ ] } },
{ "type": "Feature", "properties": { "Longitud K": null, "id": "1", "Estado": null, "Espejo Agu": null, "NombreCami": null }, "geometry": { "type": "MultiLineString", "coordinates": [ ] } },
{ "type": "Feature", "properties": { "Longitud K": null, "id": "1", "Estado": null, "Espejo Agu": null, "NombreCami": null }, "geometry": { "type": "MultiLineString", "coordinates": [ ] } },
{ "type": "Feature", "properties": { "Longitud K": null, "id": "1", "Estado": null, "Espejo Agu": null, "NombreCami": null }, "geometry": { "type": "MultiLineString", "coordinates": [ ] } },
{ "type": "Feature", "properties": { "Longitud K": null, "id": "1", "Estado": null, "Espejo Agu": null, "NombreCami": null }, "geometry": { "type": "MultiLineString", "coordinates": [ ] } },
{ "type": "Feature", "properties": { "Longitud K": null, "id": "1", "Estado": null, "Espejo Agu": null, "NombreCami": null }, "geometry": { "type": "MultiLineString", "coordinates": [ ] } },
{ "type": "Feature", "properties": { "Longitud K": null, "id": "1", "Estado": null, "Espejo Agu": null, "NombreCami": null }, "geometry": { "type": "MultiLineString", "coordinates": [ ] } },
{ "type": "Feature", "properties": { "Longitud K": null, "id": "1", "Estado": null, "Espejo Agu": null, "NombreCami": null }, "geometry": { "type": "MultiLineString", "coordinates": [ ] } },
{ "type": "Feature", "properties": { "Longitud K": null, "id": "1", "Estado": null, "Espejo Agu": null, "NombreCami": null }, "geometry": { "type": "MultiLineString", "coordinates": [ ] } },
{ "type": "Feature", "properties": { "Longitud K": null, "id": "1", "Estado": null, "Espejo Agu": null, "NombreCami": null }, "geometry": { "type": "MultiLineString", "coordinates": [ ] } },
{ "type": "Feature", "properties": { "Longitud K": null, "id": "1", "Estado": null, "Espejo Agu": null, "NombreCami": null }, "geometry": { "type": "MultiLineString", "coordinates": [ ] } },
{ "type": "Feature", "properties": { "Longitud K": null, "id": "1", "Estado": null, "Espejo Agu": null, "NombreCami": null }, "geometry": { "type": "MultiLineString", "coordinates": [ ] } },
{ "type": "Feature", "properties": { "Longitud K": null, "id": "1", "Estado": null, "Espejo Agu": null, "NombreCami": null }, "geometry": { "type": "MultiLineString", "coordinates": [ ] } },
{ "type": "Feature", "properties": { "Longitud K": null, "id": "1", "Estado": null, "Espejo Agu": null, "NombreCami": null }, "geometry": { "type": "MultiLineString", "coordinates": [ ] } },
{ "type": "Feature", "properties": { "Longitud K": null, "id": "1", "Estado": null, "Espejo Agu": null, "NombreCami": null }, "geometry": { "type": "MultiLineString", "coordinates": [ ] } },
{ "type": "Feature", "properties": { "Longitud K": null, "id": "1", "Estado": null, "Espejo Agu": null, "NombreCami": null }, "geometry": { "type": "MultiLineString", "coordinates": [ ] } },
{ "type": "Feature", "properties": { "Longitud K": null, "id": "1", "Estado": null, "Espejo Agu": null, "NombreCami": null }, "geometry": { "type": "MultiLineString", "coordinates": [ ] } },
{ "type": "Feature", "properties": { "Longitud K": null, "id": "1", "Estado": null, "Espejo Agu": null, "NombreCami": null }, "geometry": { "type": "MultiLineString", "coordinates": [ ] } },
{ "type": "Feature", "properties": { "Longitud K": null, "id": "1", "Estado": null, "Espejo Agu": null, "NombreCami": null }, "geometry": { "type": "MultiLineString", "coordinates": [ ] } },
{ "type": "Feature", "properties": { "Longitud K": null, "id": "1", "Estado": null, "Espejo Agu": null, "NombreCami": null }, "geometry": { "type": "MultiLineString", "coordinates": [ ] } },
{ "type": "Feature", "properties": { "Longitud K": null, "id": "1", "Estado": null, "Espejo Agu": null, "NombreCami": null }, "geometry": { "type": "MultiLineString", "coordinates": [ ] } },
{ "type": "Feature", "properties": { "Longitud K": null, "id": "1", "Estado": null, "Espejo Agu": null, "NombreCami": null }, "geometry": { "type": "MultiLineString", "coordinates": [ ] } },
{ "type": "Feature", "properties": { "Longitud K": null, "id": "1", "Estado": null, "Espejo Agu": null, "NombreCami": null }, "geometry": { "type": "MultiLineString", "coordinates": [ ] } },
{ "type": "Feature", "properties": { "Longitud K": null, "id": "1", "Estado": null, "Espejo Agu": null, "NombreCami": null }, "geometry": { "type": "MultiLineString", "coordinates": [ ] } },
{ "type": "Feature", "properties": { "Longitud K": null, "id": "1", "Estado": null, "Espejo Agu": null, "NombreCami": null }, "geometry": { "type": "MultiLineString", "coordinates": [ ] } },
{ "type": "Feature", "properties": { "Longitud K": null, "id": "1", "Estado": null, "Espejo Agu": null, "NombreCami": null }, "geometry": { "type": "MultiLineString", "coordinates": [ ] } },
{ "type": "Feature", "properties": { "Longitud K": null, "id": "1", "Estado": null, "Espejo Agu": null, "NombreCami": null }, "geometry": { "type": "MultiLineString", "coordinates": [ ] } },
{ "type": "Feature", "properties": { "Longitud K": null, "id": "1", "Estado": null, "Espejo Agu": null, "NombreCami": null }, "geometry": { "type": "MultiLineString", "coordinates": [ ] } },
{ "type": "Feature", "properties": { "Longitud K": null, "id": "1", "Estado": null, "Espejo Agu": null, "NombreCami": null }, "geometry": { "type": "MultiLineString", "coordinates": [ ] } },
{ "type": "Feature", "properties": { "Longitud K": null, "id": "1", "Estado": null, "Espejo Agu": null, "NombreCami": null }, "geometry": { "type": "MultiLineString", "coordinates": [ [ [ -62.593359439061516, -34.098677191790685 ], [ -62.619976220055939, -34.093908662886186 ] ] ] } },
{ "type": "Feature", "properties": { "Longitud K": "10.33", "id": "2", "Estado": "Abierto", "Espejo Agu": null, "NombreCami": "Camino N� 2" }, "geometry": { "type": "MultiLineString", "coordinates": [ [ [ -62.60317536806329, -34.02891497823876 ], [ -62.604980073743, -34.035846317873634 ], [ -62.607960438495233, -34.047390515169091 ], [ -62.609668187611568, -34.054027849885493 ], [ -62.613105011219126, -34.067277458287741 ], [ -62.615019270171146, -34.07466728008383 ], [ -62.617230984290046, -34.083176482189678 ], [ -62.620002354894908, -34.094008386250437 ], [ -62.622981863529368, -34.10537558411356 ], [ -62.626893800366943, -34.120500532523494 ] ] ] } },
{ "type": "Feature", "properties": { "Longitud K": null, "id": "1", "Estado": null, "Espejo Agu": null, "NombreCami": null }, "geometry": { "type": "MultiLineString", "coordinates": [ ] } },
{ "type": "Feature", "properties": { "Longitud K": null, "id": "1", "Estado": null, "Espejo Agu": null, "NombreCami": null }, "geometry": { "type": "MultiLineString", "coordinates": [ ] } },
{ "type": "Feature", "properties": { "Longitud K": null, "id": "1", "Estado": null, "Espejo Agu": null, "NombreCami": null }, "geometry": { "type": "MultiLineString", "coordinates": [ ] } },
{ "type": "Feature", "properties": { "Longitud K": null, "id": "1", "Estado": null, "Espejo Agu": null, "NombreCami": null }, "geometry": { "type": "MultiLineString", "coordinates": [ [ [ -62.53275628451658, -34.161505576328054 ], [ -62.536096742863542, -34.174268102890437 ], [ -62.539660347345531, -34.18826039264502 ] ] ] } },
{ "type": "Feature", "properties": { "Longitud K": null, "id": "1", "Estado": null, "Espejo Agu": null, "NombreCami": null }, "geometry": { "type": "MultiLineString", "coordinates": [ [ [ -62.568518276993366, -34.154924560578742 ], [ -62.558845694519881, -34.156666779451285 ], [ -62.539100102903014, -34.160287803096494 ], [ -62.532742434289695, -34.161452331609631 ] ] ] } },
{ "type": "Feature", "properties": { "Longitud K": null, "id": "1", "Estado": null, "Espejo Agu": null, "NombreCami": null }, "geometry": { "type": "MultiLineString", "coordinates": [ ] } },
{ "type": "Feature", "properties": { "Longitud K": null, "id": "1", "Estado": null, "Espejo Agu": null, "NombreCami": null }, "geometry": { "type": "MultiLineString", "coordinates": [ ] } },
{ "type": "Feature", "properties": { "Longitud K": null, "id": "1", "Estado": null, "Espejo Agu": null, "NombreCami": null }, "geometry": { "type": "MultiLineString", "coordinates": [ ] } },
{ "type": "Feature", "properties": { "Longitud K": null, "id": "1", "Estado": null, "Espejo Agu": null, "NombreCami": null }, "geometry": { "type": "MultiLineString", "coordinates": [ ] } },
{ "type": "Feature", "properties": { "Longitud K": null, "id": "1", "Estado": null, "Espejo Agu": null, "NombreCami": null }, "geometry": { "type": "MultiLineString", "coordinates": [ ] } },
{ "type": "Feature", "properties": { "Longitud K": null, "id": "1", "Estado": null, "Espejo Agu": null, "NombreCami": null }, "geometry": { "type": "MultiLineString", "coordinates": [ ] } },
{ "type": "Feature", "properties": { "Longitud K": null, "id": "1", "Estado": null, "Espejo Agu": null, "NombreCami": null }, "geometry": { "type": "MultiLineString", "coordinates": [ ] } },
{ "type": "Feature", "properties": { "Longitud K": null, "id": "1", "Estado": null, "Espejo Agu": null, "NombreCami": null }, "geometry": { "type": "MultiLineString", "coordinates": [ ] } },
{ "type": "Feature", "properties": { "Longitud K": null, "id": "1", "Estado": null, "Espejo Agu": null, "NombreCami": null }, "geometry": { "type": "MultiLineString", "coordinates": [ ] } },
{ "type": "Feature", "properties": { "Longitud K": null, "id": "1", "Estado": null, "Espejo Agu": null, "NombreCami": null }, "geometry": { "type": "MultiLineString", "coordinates": [ ] } },
{ "type": "Feature", "properties": { "Longitud K": null, "id": "1", "Estado": null, "Espejo Agu": null, "NombreCami": null }, "geometry": { "type": "MultiLineString", "coordinates": [ ] } },
{ "type": "Feature", "properties": { "Longitud K": null, "id": "1", "Estado": null, "Espejo Agu": null, "NombreCami": null }, "geometry": { "type": "MultiLineString", "coordinates": [ ] } },
{ "type": "Feature", "properties": { "Longitud K": null, "id": "1", "Estado": null, "Espejo Agu": null, "NombreCami": null }, "geometry": { "type": "MultiLineString", "coordinates": [ ] } },
{ "type": "Feature", "properties": { "Longitud K": null, "id": "1", "Estado": null, "Espejo Agu": null, "NombreCami": null }, "geometry": { "type": "MultiLineString", "coordinates": [ ] } },
{ "type": "Feature", "properties": { "Longitud K": null, "id": "1", "Estado": null, "Espejo Agu": null, "NombreCami": null }, "geometry": { "type": "MultiLineString", "coordinates": [ ] } },
{ "type": "Feature", "properties": { "Longitud K": null, "id": "1", "Estado": null, "Espejo Agu": null, "NombreCami": null }, "geometry": { "type": "MultiLineString", "coordinates": [ ] } },
{ "type": "Feature", "properties": { "Longitud K": null, "id": "1", "Estado": null, "Espejo Agu": null, "NombreCami": null }, "geometry": { "type": "MultiLineString", "coordinates": [ ] } },
{ "type": "Feature", "properties": { "Longitud K": null, "id": "1", "Estado": null, "Espejo Agu": null, "NombreCami": null }, "geometry": { "type": "MultiLineString", "coordinates": [ ] } },
{ "type": "Feature", "properties": { "Longitud K": null, "id": "1", "Estado": null, "Espejo Agu": null, "NombreCami": null }, "geometry": { "type": "MultiLineString", "coordinates": [ ] } },
{ "type": "Feature", "properties": { "Longitud K": null, "id": "1", "Estado": null, "Espejo Agu": null, "NombreCami": null }, "geometry": { "type": "MultiLineString", "coordinates": [ ] } },
{ "type": "Feature", "properties": { "Longitud K": null, "id": "1", "Estado": null, "Espejo Agu": null, "NombreCami": null }, "geometry": { "type": "MultiLineString", "coordinates": [ ] } },
{ "type": "Feature", "properties": { "Longitud K": null, "id": "1", "Estado": null, "Espejo Agu": null, "NombreCami": null }, "geometry": { "type": "MultiLineString", "coordinates": [ ] } },
{ "type": "Feature", "properties": { "Longitud K": null, "id": "1", "Estado": null, "Espejo Agu": null, "NombreCami": null }, "geometry": { "type": "MultiLineString", "coordinates": [ ] } },
{ "type": "Feature", "properties": { "Longitud K": null, "id": "1", "Estado": null, "Espejo Agu": null, "NombreCami": null }, "geometry": { "type": "MultiLineString", "coordinates": [ ] } },
{ "type": "Feature", "properties": { "Longitud K": null, "id": "1", "Estado": null, "Espejo Agu": null, "NombreCami": null }, "geometry": { "type": "MultiLineString", "coordinates": [ ] } },
{ "type": "Feature", "properties": { "Longitud K": null, "id": "1", "Estado": null, "Espejo Agu": null, "NombreCami": null }, "geometry": { "type": "MultiLineString", "coordinates": [ ] } },
{ "type": "Feature", "properties": { "Longitud K": null, "id": "1", "Estado": null, "Espejo Agu": null, "NombreCami": null }, "geometry": { "type": "MultiLineString", "coordinates": [ ] } },
{ "type": "Feature", "properties": { "Longitud K": null, "id": "1", "Estado": null, "Espejo Agu": null, "NombreCami": null }, "geometry": { "type": "MultiLineString", "coordinates": [ ] } },
{ "type": "Feature", "properties": { "Longitud K": null, "id": "1", "Estado": null, "Espejo Agu": null, "NombreCami": null }, "geometry": { "type": "MultiLineString", "coordinates": [ ] } },
{ "type": "Feature", "properties": { "Longitud K": null, "id": "1", "Estado": null, "Espejo Agu": null, "NombreCami": null }, "geometry": { "type": "MultiLineString", "coordinates": [ ] } },
{ "type": "Feature", "properties": { "Longitud K": null, "id": "1", "Estado": null, "Espejo Agu": null, "NombreCami": null }, "geometry": { "type": "MultiLineString", "coordinates": [ ] } },
{ "type": "Feature", "properties": { "Longitud K": null, "id": "1", "Estado": null, "Espejo Agu": null, "NombreCami": null }, "geometry": { "type": "MultiLineString", "coordinates": [ ] } },
{ "type": "Feature", "properties": { "Longitud K": null, "id": "1", "Estado": null, "Espejo Agu": null, "NombreCami": null }, "geometry": { "type": "MultiLineString", "coordinates": [ ] } },
{ "type": "Feature", "properties": { "Longitud K": null, "id": "1", "Estado": null, "Espejo Agu": null, "NombreCami": null }, "geometry": { "type": "MultiLineString", "coordinates": [ ] } },
{ "type": "Feature", "properties": { "Longitud K": null, "id": "1", "Estado": null, "Espejo Agu": null, "NombreCami": null }, "geometry": { "type": "MultiLineString", "coordinates": [ ] } },
{ "type": "Feature", "properties": { "Longitud K": null, "id": "1", "Estado": null, "Espejo Agu": null, "NombreCami": null }, "geometry": { "type": "MultiLineString", "coordinates": [ ] } },
{ "type": "Feature", "properties": { "Longitud K": null, "id": "1", "Estado": null, "Espejo Agu": null, "NombreCami": null }, "geometry": { "type": "MultiLineString", "coordinates": [ ] } },
{ "type": "Feature", "properties": { "Longitud K": null, "id": "1", "Estado": null, "Espejo Agu": null, "NombreCami": null }, "geometry": { "type": "MultiLineString", "coordinates": [ ] } },
{ "type": "Feature", "properties": { "Longitud K": null, "id": "1", "Estado": null, "Espejo Agu": null, "NombreCami": null }, "geometry": { "type": "MultiLineString", "coordinates": [ [ [ -62.692154084674314, -34.177089342796194 ], [ -62.678465976496931, -34.179604129156964 ] ] ] } },
{ "type": "Feature", "properties": { "Longitud K": null, "id": "1", "Estado": null, "Espejo Agu": null, "NombreCami": null }, "geometry": { "type": "MultiLineString", "coordinates": [ [ [ -62.716046129571147, -34.20035672711068 ], [ -62.699344104939115, -34.20350312760786 ] ] ] } },
{ "type": "Feature", "properties": { "Longitud K": "7.48", "id": "20", "Estado": "Abierto", "Espejo Agu": null, "NombreCami": "Camino N� 20" }, "geometry": { "type": "MultiLineString", "coordinates": [ [ [ -62.685428909311554, -34.206058202536987 ], [ -62.606170650473935, -34.220647800767139 ] ] ] } },
{ "type": "Feature", "properties": { "Longitud K": null, "id": "1", "Estado": null, "Espejo Agu": null, "NombreCami": null }, "geometry": { "type": "MultiLineString", "coordinates": [ ] } },
{ "type": "Feature", "properties": { "Longitud K": "4.05", "id": "9", "Estado": "Abierto", "Espejo Agu": null, "NombreCami": "Camino N� 9" }, "geometry": { "type": "MultiLineString", "coordinates": [ [ [ -62.702529488418669, -34.282764699711137 ], [ -62.705514037652925, -34.294091976351183 ], [ -62.70957139484949, -34.309546235004241 ], [ -62.71191021215914, -34.318474815607495 ] ] ] } },
{ "type": "Feature", "properties": { "Longitud K": "3.02", "id": "8", "Estado": "Abierto", "Espejo Agu": null, "NombreCami": "Camino N� 8" }, "geometry": { "type": "MultiLineString", "coordinates": [ [ [ -62.724199939603821, -34.278837494616795 ], [ -62.733537788428826, -34.314484467657238 ] ] ] } },
{ "type": "Feature", "properties": { "Longitud K": null, "id": "1", "Estado": null, "Espejo Agu": null, "NombreCami": null }, "geometry": { "type": "MultiLineString", "coordinates": [ [ [ -62.649339728983648, -34.292370686339083 ], [ -62.651778054447846, -34.301564506227891 ], [ -62.654288505527859, -34.310609346618286 ], [ -62.655253679864408, -34.314071703760156 ], [ -62.657241527367802, -34.322105369760195 ] ] ] } },
{ "type": "Feature", "properties": { "Longitud K": null, "id": "1", "Estado": null, "Espejo Agu": null, "NombreCami": null }, "geometry": { "type": "MultiLineString", "coordinates": [ ] } },
{ "type": "Feature", "properties": { "Longitud K": null, "id": "1", "Estado": null, "Espejo Agu": null, "NombreCami": null }, "geometry": { "type": "MultiLineString", "coordinates": [ [ [ -62.583468450382078, -34.309526379991524 ], [ -62.585375922023495, -34.320824244922044 ], [ -62.588798599277176, -34.33935080398782 ] ] ] } },
{ "type": "Feature", "properties": { "Longitud K": null, "id": "1", "Estado": null, "Espejo Agu": null, "NombreCami": null }, "geometry": { "type": "MultiLineString", "coordinates": [ [ [ -62.779692780480225, -34.255512608889305 ], [ -62.781943723385254, -34.26354414340102 ] ] ] } },
{ "type": "Feature", "properties": { "Longitud K": "1.640", "id": "40", "Estado": "Abierto", "Espejo Agu": null, "NombreCami": "Camino N� 40" }, "geometry": { "type": "MultiLineString", "coordinates": [ [ [ -62.854350378849134, -34.347120828704647 ], [ -62.83938363922752, -34.349886177016913 ], [ -62.839027227822243, -34.350055612515433 ], [ -62.837458421215828, -34.35107770645989 ] ] ] } },
{ "type": "Feature", "properties": { "Longitud K": null, "id": "1", "Estado": null, "Espejo Agu": null, "NombreCami": null }, "geometry": { "type": "MultiLineString", "coordinates": [ [ [ -62.841421599500947, -34.354771212644174 ], [ -62.840474119172946, -34.355409979645557 ], [ -62.83185105072878, -34.357051967581803 ], [ -62.824316044567816, -34.358266517998722 ] ] ] } },
{ "type": "Feature", "properties": { "Longitud K": "5.23", "id": "19", "Estado": "Abierto", "Espejo Agu": null, "NombreCami": "Camino N� 19" }, "geometry": { "type": "MultiLineString", "coordinates": [ [ [ -62.610400239964811, -34.237291355408722 ], [ -62.555084897982468, -34.247805597424779 ] ] ] } },
{ "type": "Feature", "properties": { "Longitud K": null, "id": "1", "Estado": null, "Espejo Agu": null, "NombreCami": null }, "geometry": { "type": "MultiLineString", "coordinates": [ [ [ -62.56579731721375, -34.289725511101231 ], [ -62.538717769241288, -34.295364237883909 ], [ -62.538602129537146, -34.294712536707792 ], [ -62.511000964395848, -34.300288036526418 ] ] ] } },
{ "type": "Feature", "properties": { "Longitud K": null, "id": "1", "Estado": null, "Espejo Agu": null, "NombreCami": null }, "geometry": { "type": "MultiLineString", "coordinates": [ ] } },
{ "type": "Feature", "properties": { "Longitud K": null, "id": "1", "Estado": null, "Espejo Agu": null, "NombreCami": null }, "geometry": { "type": "MultiLineString", "coordinates": [ [ [ -62.583468450382078, -34.309526379991524 ], [ -62.580791034683962, -34.295482054336418 ] ] ] } },
{ "type": "Feature", "properties": { "Longitud K": null, "id": "1", "Estado": null, "Espejo Agu": null, "NombreCami": null }, "geometry": { "type": "MultiLineString", "coordinates": [ ] } },
{ "type": "Feature", "properties": { "Longitud K": null, "id": "1", "Estado": null, "Espejo Agu": null, "NombreCami": null }, "geometry": { "type": "MultiLineString", "coordinates": [ ] } },
{ "type": "Feature", "properties": { "Longitud K": null, "id": "1", "Estado": null, "Espejo Agu": null, "NombreCami": null }, "geometry": { "type": "MultiLineString", "coordinates": [ ] } },
{ "type": "Feature", "properties": { "Longitud K": null, "id": "1", "Estado": null, "Espejo Agu": null, "NombreCami": null }, "geometry": { "type": "MultiLineString", "coordinates": [ ] } },
{ "type": "Feature", "properties": { "Longitud K": null, "id": "1", "Estado": null, "Espejo Agu": null, "NombreCami": null }, "geometry": { "type": "MultiLineString", "coordinates": [ ] } },
{ "type": "Feature", "properties": { "Longitud K": null, "id": "1", "Estado": null, "Espejo Agu": null, "NombreCami": null }, "geometry": { "type": "MultiLineString", "coordinates": [ ] } },
{ "type": "Feature", "properties": { "Longitud K": null, "id": "1", "Estado": null, "Espejo Agu": null, "NombreCami": null }, "geometry": { "type": "MultiLineString", "coordinates": [ ] } },
{ "type": "Feature", "properties": { "Longitud K": null, "id": "1", "Estado": null, "Espejo Agu": null, "NombreCami": null }, "geometry": { "type": "MultiLineString", "coordinates": [ ] } },
{ "type": "Feature", "properties": { "Longitud K": null, "id": "1", "Estado": null, "Espejo Agu": null, "NombreCami": null }, "geometry": { "type": "MultiLineString", "coordinates": [ ] } },
{ "type": "Feature", "properties": { "Longitud K": null, "id": "1", "Estado": null, "Espejo Agu": null, "NombreCami": null }, "geometry": { "type": "MultiLineString", "coordinates": [ ] } },
{ "type": "Feature", "properties": { "Longitud K": null, "id": "1", "Estado": null, "Espejo Agu": null, "NombreCami": null }, "geometry": { "type": "MultiLineString", "coordinates": [ ] } },
{ "type": "Feature", "properties": { "Longitud K": null, "id": "1", "Estado": null, "Espejo Agu": null, "NombreCami": null }, "geometry": { "type": "MultiLineString", "coordinates": [ ] } },
{ "type": "Feature", "properties": { "Longitud K": null, "id": "1", "Estado": null, "Espejo Agu": null, "NombreCami": null }, "geometry": { "type": "MultiLineString", "coordinates": [ ] } },
{ "type": "Feature", "properties": { "Longitud K": null, "id": "1", "Estado": null, "Espejo Agu": null, "NombreCami": null }, "geometry": { "type": "MultiLineString", "coordinates": [ ] } },
{ "type": "Feature", "properties": { "Longitud K": null, "id": "1", "Estado": null, "Espejo Agu": null, "NombreCami": null }, "geometry": { "type": "MultiLineString", "coordinates": [ ] } },
{ "type": "Feature", "properties": { "Longitud K": null, "id": "1", "Estado": null, "Espejo Agu": null, "NombreCami": null }, "geometry": { "type": "MultiLineString", "coordinates": [ ] } },
{ "type": "Feature", "properties": { "Longitud K": null, "id": "1", "Estado": null, "Espejo Agu": null, "NombreCami": null }, "geometry": { "type": "MultiLineString", "coordinates": [ ] } },
{ "type": "Feature", "properties": { "Longitud K": null, "id": "1", "Estado": null, "Espejo Agu": null, "NombreCami": null }, "geometry": { "type": "MultiLineString", "coordinates": [ ] } },
{ "type": "Feature", "properties": { "Longitud K": null, "id": "1", "Estado": null, "Espejo Agu": null, "NombreCami": null }, "geometry": { "type": "MultiLineString", "coordinates": [ ] } },
{ "type": "Feature", "properties": { "Longitud K": null, "id": "1", "Estado": null, "Espejo Agu": null, "NombreCami": null }, "geometry": { "type": "MultiLineString", "coordinates": [ ] } },
{ "type": "Feature", "properties": { "Longitud K": null, "id": "1", "Estado": null, "Espejo Agu": null, "NombreCami": null }, "geometry": { "type": "MultiLineString", "coordinates": [ ] } },
{ "type": "Feature", "properties": { "Longitud K": null, "id": "1", "Estado": null, "Espejo Agu": null, "NombreCami": null }, "geometry": { "type": "MultiLineString", "coordinates": [ ] } },
{ "type": "Feature", "properties": { "Longitud K": null, "id": "1", "Estado": null, "Espejo Agu": null, "NombreCami": null }, "geometry": { "type": "MultiLineString", "coordinates": [ ] } },
{ "type": "Feature", "properties": { "Longitud K": null, "id": "1", "Estado": null, "Espejo Agu": null, "NombreCami": null }, "geometry": { "type": "MultiLineString", "coordinates": [ ] } },
{ "type": "Feature", "properties": { "Longitud K": null, "id": "1", "Estado": null, "Espejo Agu": null, "NombreCami": null }, "geometry": { "type": "MultiLineString", "coordinates": [ ] } },
{ "type": "Feature", "properties": { "Longitud K": "5.12", "id": "30", "Estado": "Abierto", "Espejo Agu": null, "NombreCami": "Camino N� 30" }, "geometry": { "type": "MultiLineString", "coordinates": [ [ [ -62.744517081617474, -34.312507242006582 ], [ -62.739073818754925, -34.313481929569427 ], [ -62.732241883520814, -34.314747290760536 ], [ -62.718222476136056, -34.317317025706799 ], [ -62.701228503896729, -34.320433239891692 ], [ -62.690198721172699, -34.322464622341123 ] ] ] } },
{ "type": "Feature", "properties": { "Longitud K": null, "id": "1", "Estado": null, "Espejo Agu": null, "NombreCami": null }, "geometry": { "type": "MultiLineString", "coordinates": [ ] } },
{ "type": "Feature", "properties": { "Longitud K": null, "id": "1", "Estado": null, "Espejo Agu": null, "NombreCami": null }, "geometry": { "type": "MultiLineString", "coordinates": [ ] } },
{ "type": "Feature", "properties": { "Longitud K": null, "id": "1", "Estado": null, "Espejo Agu": null, "NombreCami": null }, "geometry": { "type": "MultiLineString", "coordinates": [ ] } },
{ "type": "Feature", "properties": { "Longitud K": null, "id": "1", "Estado": null, "Espejo Agu": null, "NombreCami": null }, "geometry": { "type": "MultiLineString", "coordinates": [ ] } },
{ "type": "Feature", "properties": { "Longitud K": null, "id": "1", "Estado": null, "Espejo Agu": null, "NombreCami": null }, "geometry": { "type": "MultiLineString", "coordinates": [ ] } },
{ "type": "Feature", "properties": { "Longitud K": null, "id": "1", "Estado": null, "Espejo Agu": null, "NombreCami": null }, "geometry": { "type": "MultiLineString", "coordinates": [ ] } },
{ "type": "Feature", "properties": { "Longitud K": null, "id": "1", "Estado": null, "Espejo Agu": null, "NombreCami": null }, "geometry": { "type": "MultiLineString", "coordinates": [ ] } },
{ "type": "Feature", "properties": { "Longitud K": null, "id": "1", "Estado": null, "Espejo Agu": null, "NombreCami": null }, "geometry": { "type": "MultiLineString", "coordinates": [ ] } },
{ "type": "Feature", "properties": { "Longitud K": null, "id": "1", "Estado": null, "Espejo Agu": null, "NombreCami": null }, "geometry": { "type": "MultiLineString", "coordinates": [ ] } },
{ "type": "Feature", "properties": { "Longitud K": null, "id": "1", "Estado": null, "Espejo Agu": null, "NombreCami": null }, "geometry": { "type": "MultiLineString", "coordinates": [ ] } },
{ "type": "Feature", "properties": { "Longitud K": null, "id": "1", "Estado": null, "Espejo Agu": null, "NombreCami": null }, "geometry": { "type": "MultiLineString", "coordinates": [ ] } },
{ "type": "Feature", "properties": { "Longitud K": null, "id": "1", "Estado": null, "Espejo Agu": null, "NombreCami": null }, "geometry": { "type": "MultiLineString", "coordinates": [ ] } },
{ "type": "Feature", "properties": { "Longitud K": null, "id": "1", "Estado": null, "Espejo Agu": null, "NombreCami": null }, "geometry": { "type": "MultiLineString", "coordinates": [ ] } },
{ "type": "Feature", "properties": { "Longitud K": null, "id": "1", "Estado": null, "Espejo Agu": null, "NombreCami": null }, "geometry": { "type": "MultiLineString", "coordinates": [ ] } },
{ "type": "Feature", "properties": { "Longitud K": null, "id": "1", "Estado": null, "Espejo Agu": null, "NombreCami": null }, "geometry": { "type": "MultiLineString", "coordinates": [ ] } },
{ "type": "Feature", "properties": { "Longitud K": null, "id": "1", "Estado": null, "Espejo Agu": null, "NombreCami": null }, "geometry": { "type": "MultiLineString", "coordinates": [ ] } },
{ "type": "Feature", "properties": { "Longitud K": null, "id": "1", "Estado": null, "Espejo Agu": null, "NombreCami": null }, "geometry": { "type": "MultiLineString", "coordinates": [ ] } },
{ "type": "Feature", "properties": { "Longitud K": null, "id": "1", "Estado": null, "Espejo Agu": null, "NombreCami": null }, "geometry": { "type": "MultiLineString", "coordinates": [ ] } },
{ "type": "Feature", "properties": { "Longitud K": null, "id": "1", "Estado": null, "Espejo Agu": null, "NombreCami": null }, "geometry": { "type": "MultiLineString", "coordinates": [ ] } },
{ "type": "Feature", "properties": { "Longitud K": null, "id": "1", "Estado": null, "Espejo Agu": null, "NombreCami": null }, "geometry": { "type": "MultiLineString", "coordinates": [ ] } },
{ "type": "Feature", "properties": { "Longitud K": null, "id": "1", "Estado": null, "Espejo Agu": null, "NombreCami": null }, "geometry": { "type": "MultiLineString", "coordinates": [ ] } },
{ "type": "Feature", "properties": { "Longitud K": null, "id": "1", "Estado": null, "Espejo Agu": null, "NombreCami": null }, "geometry": { "type": "MultiLineString", "coordinates": [ ] } },
{ "type": "Feature", "properties": { "Longitud K": null, "id": "1", "Estado": null, "Espejo Agu": null, "NombreCami": null }, "geometry": { "type": "MultiLineString", "coordinates": [ ] } },
{ "type": "Feature", "properties": { "Longitud K": null, "id": "1", "Estado": null, "Espejo Agu": null, "NombreCami": null }, "geometry": { "type": "MultiLineString", "coordinates": [ ] } },
{ "type": "Feature", "properties": { "Longitud K": null, "id": "1", "Estado": null, "Espejo Agu": null, "NombreCami": null }, "geometry": { "type": "MultiLineString", "coordinates": [ ] } },
{ "type": "Feature", "properties": { "Longitud K": null, "id": "1", "Estado": null, "Espejo Agu": null, "NombreCami": null }, "geometry": { "type": "MultiLineString", "coordinates": [ ] } },
{ "type": "Feature", "properties": { "Longitud K": null, "id": "1", "Estado": null, "Espejo Agu": null, "NombreCami": null }, "geometry": { "type": "MultiLineString", "coordinates": [ ] } },
{ "type": "Feature", "properties": { "Longitud K": "12.42", "id": "32", "Estado": "Abierto", "Espejo Agu": null, "NombreCami": "Camino N� 32" }, "geometry": { "type": "MultiLineString", "coordinates": [ [ [ -62.689427352276191, -34.275663508196402 ], [ -62.681005388197839, -34.277210919612322 ], [ -62.674609638511669, -34.27840096555358 ], [ -62.658858462964361, -34.281333563285848 ], [ -62.65195095279693, -34.282617662940439 ], [ -62.648901927464088, -34.282884096605905 ], [ -62.644098505714929, -34.283873267860855 ], [ -62.638910486899626, -34.284877878907608 ], [ -62.633640194436516, -34.285855913610717 ], [ -62.629993037762709, -34.286551065583865 ], [ -62.625692345617303, -34.287353741844214 ], [ -62.618938109428505, -34.288627289950902 ], [ -62.614413114495115, -34.289478426275508 ], [ -62.608353625447847, -34.29059179822795 ], [ -62.603927852557227, -34.291428312882296 ], [ -62.601059786014893, -34.291971395394299 ], [ -62.597440224105576, -34.292652836931751 ], [ -62.591898707659674, -34.293673654388577 ], [ -62.585865746423131, -34.294818664765913 ], [ -62.582457005648301, -34.295472219889426 ], [ -62.579906339176183, -34.295961878250289 ], [ -62.575287525193829, -34.296818013055479 ], [ -62.568056713629332, -34.298171473729319 ], [ -62.56579731721375, -34.289725511101231 ], [ -62.565797312682463, -34.28972549416067 ], [ -62.565797307225395, -34.289725473758971 ] ] ] } },
{ "type": "Feature", "properties": { "Longitud K": null, "id": "1", "Estado": null, "Espejo Agu": null, "NombreCami": null }, "geometry": { "type": "MultiLineString", "coordinates": [ [ [ -62.617877285322443, -34.28851623736967 ], [ -62.620165506241598, -34.297410383669472 ] ] ] } },
{ "type": "Feature", "properties": { "Longitud K": null, "id": "1", "Estado": null, "Espejo Agu": null, "NombreCami": null }, "geometry": { "type": "MultiLineString", "coordinates": [ ] } },
{ "type": "Feature", "properties": { "Longitud K": null, "id": "1", "Estado": null, "Espejo Agu": null, "NombreCami": null }, "geometry": { "type": "MultiLineString", "coordinates": [ ] } },
{ "type": "Feature", "properties": { "Longitud K": null, "id": "1", "Estado": null, "Espejo Agu": null, "NombreCami": null }, "geometry": { "type": "MultiLineString", "coordinates": [ ] } },
{ "type": "Feature", "properties": { "Longitud K": null, "id": "1", "Estado": null, "Espejo Agu": null, "NombreCami": null }, "geometry": { "type": "MultiLineString", "coordinates": [ ] } },
{ "type": "Feature", "properties": { "Longitud K": null, "id": "1", "Estado": null, "Espejo Agu": null, "NombreCami": null }, "geometry": { "type": "MultiLineString", "coordinates": [ ] } },
{ "type": "Feature", "properties": { "Longitud K": null, "id": "1", "Estado": null, "Espejo Agu": null, "NombreCami": null }, "geometry": { "type": "MultiLineString", "coordinates": [ ] } },
{ "type": "Feature", "properties": { "Longitud K": null, "id": "1", "Estado": null, "Espejo Agu": null, "NombreCami": null }, "geometry": { "type": "MultiLineString", "coordinates": [ ] } },
{ "type": "Feature", "properties": { "Longitud K": null, "id": "1", "Estado": null, "Espejo Agu": null, "NombreCami": null }, "geometry": { "type": "MultiLineString", "coordinates": [ ] } },
{ "type": "Feature", "properties": { "Longitud K": null, "id": "1", "Estado": null, "Espejo Agu": null, "NombreCami": null }, "geometry": { "type": "MultiLineString", "coordinates": [ ] } },
{ "type": "Feature", "properties": { "Longitud K": null, "id": "1", "Estado": null, "Espejo Agu": null, "NombreCami": null }, "geometry": { "type": "MultiLineString", "coordinates": [ ] } },
{ "type": "Feature", "properties": { "Longitud K": null, "id": "1", "Estado": null, "Espejo Agu": null, "NombreCami": null }, "geometry": { "type": "MultiLineString", "coordinates": [ ] } },
{ "type": "Feature", "properties": { "Longitud K": null, "id": "1", "Estado": null, "Espejo Agu": null, "NombreCami": null }, "geometry": { "type": "MultiLineString", "coordinates": [ ] } },
{ "type": "Feature", "properties": { "Longitud K": null, "id": "1", "Estado": null, "Espejo Agu": null, "NombreCami": null }, "geometry": { "type": "MultiLineString", "coordinates": [ ] } },
{ "type": "Feature", "properties": { "Longitud K": null, "id": "1", "Estado": null, "Espejo Agu": null, "NombreCami": null }, "geometry": { "type": "MultiLineString", "coordinates": [ ] } },
{ "type": "Feature", "properties": { "Longitud K": null, "id": "1", "Estado": null, "Espejo Agu": null, "NombreCami": null }, "geometry": { "type": "MultiLineString", "coordinates": [ ] } },
{ "type": "Feature", "properties": { "Longitud K": null, "id": "1", "Estado": null, "Espejo Agu": null, "NombreCami": null }, "geometry": { "type": "MultiLineString", "coordinates": [ ] } },
{ "type": "Feature", "properties": { "Longitud K": null, "id": "1", "Estado": null, "Espejo Agu": null, "NombreCami": null }, "geometry": { "type": "MultiLineString", "coordinates": [ ] } },
{ "type": "Feature", "properties": { "Longitud K": null, "id": "1", "Estado": null, "Espejo Agu": null, "NombreCami": null }, "geometry": { "type": "MultiLineString", "coordinates": [ ] } },
{ "type": "Feature", "properties": { "Longitud K": null, "id": "1", "Estado": null, "Espejo Agu": null, "NombreCami": null }, "geometry": { "type": "MultiLineString", "coordinates": [ ] } },
{ "type": "Feature", "properties": { "Longitud K": null, "id": "1", "Estado": null, "Espejo Agu": null, "NombreCami": null }, "geometry": { "type": "MultiLineString", "coordinates": [ ] } },
{ "type": "Feature", "properties": { "Longitud K": null, "id": "1", "Estado": null, "Espejo Agu": null, "NombreCami": null }, "geometry": { "type": "MultiLineString", "coordinates": [ ] } },
{ "type": "Feature", "properties": { "Longitud K": null, "id": "1", "Estado": null, "Espejo Agu": null, "NombreCami": null }, "geometry": { "type": "MultiLineString", "coordinates": [ ] } },
{ "type": "Feature", "properties": { "Longitud K": null, "id": "1", "Estado": null, "Espejo Agu": null, "NombreCami": null }, "geometry": { "type": "MultiLineString", "coordinates": [ ] } },
{ "type": "Feature", "properties": { "Longitud K": null, "id": "1", "Estado": null, "Espejo Agu": null, "NombreCami": null }, "geometry": { "type": "MultiLineString", "coordinates": [ ] } },
{ "type": "Feature", "properties": { "Longitud K": null, "id": "1", "Estado": null, "Espejo Agu": null, "NombreCami": null }, "geometry": { "type": "MultiLineString", "coordinates": [ ] } },
{ "type": "Feature", "properties": { "Longitud K": null, "id": "1", "Estado": null, "Espejo Agu": null, "NombreCami": null }, "geometry": { "type": "MultiLineString", "coordinates": [ ] } },
{ "type": "Feature", "properties": { "Longitud K": null, "id": "1", "Estado": null, "Espejo Agu": null, "NombreCami": null }, "geometry": { "type": "MultiLineString", "coordinates": [ ] } },
{ "type": "Feature", "properties": { "Longitud K": null, "id": "1", "Estado": null, "Espejo Agu": null, "NombreCami": null }, "geometry": { "type": "MultiLineString", "coordinates": [ ] } },
{ "type": "Feature", "properties": { "Longitud K": null, "id": "1", "Estado": null, "Espejo Agu": null, "NombreCami": null }, "geometry": { "type": "MultiLineString", "coordinates": [ ] } },
{ "type": "Feature", "properties": { "Longitud K": null, "id": "1", "Estado": null, "Espejo Agu": null, "NombreCami": null }, "geometry": { "type": "MultiLineString", "coordinates": [ ] } },
{ "type": "Feature", "properties": { "Longitud K": null, "id": "1", "Estado": null, "Espejo Agu": null, "NombreCami": null }, "geometry": { "type": "MultiLineString", "coordinates": [ ] } },
{ "type": "Feature", "properties": { "Longitud K": null, "id": "1", "Estado": null, "Espejo Agu": null, "NombreCami": null }, "geometry": { "type": "MultiLineString", "coordinates": [ ] } },
{ "type": "Feature", "properties": { "Longitud K": null, "id": "1", "Estado": null, "Espejo Agu": null, "NombreCami": null }, "geometry": { "type": "MultiLineString", "coordinates": [ ] } },
{ "type": "Feature", "properties": { "Longitud K": null, "id": "1", "Estado": null, "Espejo Agu": null, "NombreCami": null }, "geometry": { "type": "MultiLineString", "coordinates": [ ] } },
{ "type": "Feature", "properties": { "Longitud K": null, "id": "1", "Estado": null, "Espejo Agu": null, "NombreCami": null }, "geometry": { "type": "MultiLineString", "coordinates": [ ] } },
{ "type": "Feature", "properties": { "Longitud K": null, "id": "1", "Estado": null, "Espejo Agu": null, "NombreCami": null }, "geometry": { "type": "MultiLineString", "coordinates": [ ] } },
{ "type": "Feature", "properties": { "Longitud K": null, "id": "1", "Estado": null, "Espejo Agu": null, "NombreCami": null }, "geometry": { "type": "MultiLineString", "coordinates": [ ] } },
{ "type": "Feature", "properties": { "Longitud K": null, "id": "1", "Estado": null, "Espejo Agu": null, "NombreCami": null }, "geometry": { "type": "MultiLineString", "coordinates": [ ] } },
{ "type": "Feature", "properties": { "Longitud K": null, "id": "1", "Estado": null, "Espejo Agu": null, "NombreCami": null }, "geometry": { "type": "MultiLineString", "coordinates": [ ] } },
{ "type": "Feature", "properties": { "Longitud K": null, "id": "1", "Estado": null, "Espejo Agu": null, "NombreCami": null }, "geometry": { "type": "MultiLineString", "coordinates": [ ] } },
{ "type": "Feature", "properties": { "Longitud K": null, "id": "1", "Estado": null, "Espejo Agu": null, "NombreCami": null }, "geometry": { "type": "MultiLineString", "coordinates": [ ] } },
{ "type": "Feature", "properties": { "Longitud K": null, "id": "1", "Estado": null, "Espejo Agu": null, "NombreCami": null }, "geometry": { "type": "MultiLineString", "coordinates": [ ] } },
{ "type": "Feature", "properties": { "Longitud K": null, "id": "1", "Estado": null, "Espejo Agu": null, "NombreCami": null }, "geometry": { "type": "MultiLineString", "coordinates": [ ] } },
{ "type": "Feature", "properties": { "Longitud K": null, "id": "1", "Estado": null, "Espejo Agu": null, "NombreCami": null }, "geometry": { "type": "MultiLineString", "coordinates": [ ] } },
{ "type": "Feature", "properties": { "Longitud K": null, "id": "1", "Estado": null, "Espejo Agu": null, "NombreCami": null }, "geometry": { "type": "MultiLineString", "coordinates": [ ] } },
{ "type": "Feature", "properties": { "Longitud K": null, "id": "1", "Estado": null, "Espejo Agu": null, "NombreCami": null }, "geometry": { "type": "MultiLineString", "coordinates": [ ] } },
{ "type": "Feature", "properties": { "Longitud K": null, "id": "1", "Estado": null, "Espejo Agu": null, "NombreCami": null }, "geometry": { "type": "MultiLineString", "coordinates": [ ] } },
{ "type": "Feature", "properties": { "Longitud K": null, "id": "1", "Estado": null, "Espejo Agu": null, "NombreCami": null }, "geometry": { "type": "MultiLineString", "coordinates": [ ] } },
{ "type": "Feature", "properties": { "Longitud K": null, "id": "1", "Estado": null, "Espejo Agu": null, "NombreCami": null }, "geometry": { "type": "MultiLineString", "coordinates": [ ] } },
{ "type": "Feature", "properties": { "Longitud K": null, "id": "1", "Estado": null, "Espejo Agu": null, "NombreCami": null }, "geometry": { "type": "MultiLineString", "coordinates": [ ] } },
{ "type": "Feature", "properties": { "Longitud K": null, "id": "1", "Estado": null, "Espejo Agu": null, "NombreCami": null }, "geometry": { "type": "MultiLineString", "coordinates": [ ] } },
{ "type": "Feature", "properties": { "Longitud K": null, "id": "1", "Estado": null, "Espejo Agu": null, "NombreCami": null }, "geometry": { "type": "MultiLineString", "coordinates": [ ] } },
{ "type": "Feature", "properties": { "Longitud K": null, "id": "1", "Estado": null, "Espejo Agu": null, "NombreCami": null }, "geometry": { "type": "MultiLineString", "coordinates": [ ] } },
{ "type": "Feature", "properties": { "Longitud K": null, "id": "1", "Estado": null, "Espejo Agu": null, "NombreCami": null }, "geometry": { "type": "MultiLineString", "coordinates": [ ] } },
{ "type": "Feature", "properties": { "Longitud K": null, "id": "1", "Estado": null, "Espejo Agu": null, "NombreCami": null }, "geometry": { "type": "MultiLineString", "coordinates": [ ] } },
{ "type": "Feature", "properties": { "Longitud K": null, "id": "1", "Estado": null, "Espejo Agu": null, "NombreCami": null }, "geometry": { "type": "MultiLineString", "coordinates": [ ] } },
{ "type": "Feature", "properties": { "Longitud K": null, "id": "1", "Estado": null, "Espejo Agu": null, "NombreCami": null }, "geometry": { "type": "MultiLineString", "coordinates": [ ] } },
{ "type": "Feature", "properties": { "Longitud K": null, "id": "1", "Estado": null, "Espejo Agu": null, "NombreCami": null }, "geometry": { "type": "MultiLineString", "coordinates": [ ] } },
{ "type": "Feature", "properties": { "Longitud K": null, "id": "1", "Estado": null, "Espejo Agu": null, "NombreCami": null }, "geometry": { "type": "MultiLineString", "coordinates": [ ] } },
{ "type": "Feature", "properties": { "Longitud K": null, "id": "1", "Estado": null, "Espejo Agu": null, "NombreCami": null }, "geometry": { "type": "MultiLineString", "coordinates": [ ] } },
{ "type": "Feature", "properties": { "Longitud K": null, "id": "1", "Estado": null, "Espejo Agu": null, "NombreCami": null }, "geometry": { "type": "MultiLineString", "coordinates": [ ] } },
{ "type": "Feature", "properties": { "Longitud K": null, "id": "1", "Estado": null, "Espejo Agu": null, "NombreCami": null }, "geometry": { "type": "MultiLineString", "coordinates": [ ] } },
{ "type": "Feature", "properties": { "Longitud K": null, "id": "1", "Estado": null, "Espejo Agu": null, "NombreCami": null }, "geometry": { "type": "MultiLineString", "coordinates": [ ] } },
{ "type": "Feature", "properties": { "Longitud K": null, "id": "1", "Estado": null, "Espejo Agu": null, "NombreCami": null }, "geometry": { "type": "MultiLineString", "coordinates": [ ] } },
{ "type": "Feature", "properties": { "Longitud K": null, "id": "1", "Estado": null, "Espejo Agu": null, "NombreCami": null }, "geometry": { "type": "MultiLineString", "coordinates": [ ] } },
{ "type": "Feature", "properties": { "Longitud K": null, "id": "1", "Estado": null, "Espejo Agu": null, "NombreCami": null }, "geometry": { "type": "MultiLineString", "coordinates": [ ] } },
{ "type": "Feature", "properties": { "Longitud K": null, "id": "1", "Estado": null, "Espejo Agu": null, "NombreCami": null }, "geometry": { "type": "MultiLineString", "coordinates": [ ] } },
{ "type": "Feature", "properties": { "Longitud K": null, "id": "1", "Estado": null, "Espejo Agu": null, "NombreCami": null }, "geometry": { "type": "MultiLineString", "coordinates": [ ] } },
{ "type": "Feature", "properties": { "Longitud K": null, "id": "1", "Estado": null, "Espejo Agu": null, "NombreCami": null }, "geometry": { "type": "MultiLineString", "coordinates": [ ] } },
{ "type": "Feature", "properties": { "Longitud K": null, "id": "1", "Estado": null, "Espejo Agu": null, "NombreCami": null }, "geometry": { "type": "MultiLineString", "coordinates": [ ] } },
{ "type": "Feature", "properties": { "Longitud K": null, "id": "1", "Estado": null, "Espejo Agu": null, "NombreCami": null }, "geometry": { "type": "MultiLineString", "coordinates": [ ] } },
{ "type": "Feature", "properties": { "Longitud K": null, "id": "1", "Estado": null, "Espejo Agu": null, "NombreCami": null }, "geometry": { "type": "MultiLineString", "coordinates": [ ] } },
{ "type": "Feature", "properties": { "Longitud K": null, "id": "1", "Estado": null, "Espejo Agu": null, "NombreCami": null }, "geometry": { "type": "MultiLineString", "coordinates": [ ] } },
{ "type": "Feature", "properties": { "Longitud K": null, "id": "1", "Estado": null, "Espejo Agu": null, "NombreCami": null }, "geometry": { "type": "MultiLineString", "coordinates": [ ] } },
{ "type": "Feature", "properties": { "Longitud K": null, "id": "1", "Estado": null, "Espejo Agu": null, "NombreCami": null }, "geometry": { "type": "MultiLineString", "coordinates": [ ] } },
{ "type": "Feature", "properties": { "Longitud K": null, "id": "1", "Estado": null, "Espejo Agu": null, "NombreCami": null }, "geometry": { "type": "MultiLineString", "coordinates": [ ] } },
{ "type": "Feature", "properties": { "Longitud K": null, "id": "1", "Estado": null, "Espejo Agu": null, "NombreCami": null }, "geometry": { "type": "MultiLineString", "coordinates": [ ] } },
{ "type": "Feature", "properties": { "Longitud K": null, "id": "1", "Estado": null, "Espejo Agu": null, "NombreCami": null }, "geometry": { "type": "MultiLineString", "coordinates": [ ] } },
{ "type": "Feature", "properties": { "Longitud K": null, "id": "1", "Estado": null, "Espejo Agu": null, "NombreCami": null }, "geometry": { "type": "MultiLineString", "coordinates": [ ] } },
{ "type": "Feature", "properties": { "Longitud K": null, "id": "1", "Estado": null, "Espejo Agu": null, "NombreCami": null }, "geometry": { "type": "MultiLineString", "coordinates": [ ] } },
{ "type": "Feature", "properties": { "Longitud K": null, "id": "1", "Estado": null, "Espejo Agu": null, "NombreCami": null }, "geometry": { "type": "MultiLineString", "coordinates": [ ] } },
{ "type": "Feature", "properties": { "Longitud K": null, "id": "1", "Estado": null, "Espejo Agu": null, "NombreCami": null }, "geometry": { "type": "MultiLineString", "coordinates": [ ] } },
{ "type": "Feature", "properties": { "Longitud K": null, "id": "1", "Estado": null, "Espejo Agu": null, "NombreCami": null }, "geometry": { "type": "MultiLineString", "coordinates": [ ] } },
{ "type": "Feature", "properties": { "Longitud K": null, "id": "1", "Estado": null, "Espejo Agu": null, "NombreCami": null }, "geometry": { "type": "MultiLineString", "coordinates": [ ] } },
{ "type": "Feature", "properties": { "Longitud K": null, "id": "1", "Estado": null, "Espejo Agu": null, "NombreCami": null }, "geometry": { "type": "MultiLineString", "coordinates": [ ] } },
{ "type": "Feature", "properties": { "Longitud K": null, "id": "1", "Estado": null, "Espejo Agu": null, "NombreCami": null }, "geometry": { "type": "MultiLineString", "coordinates": [ ] } },
{ "type": "Feature", "properties": { "Longitud K": null, "id": "1", "Estado": null, "Espejo Agu": null, "NombreCami": null }, "geometry": { "type": "MultiLineString", "coordinates": [ ] } },
{ "type": "Feature", "properties": { "Longitud K": null, "id": "1", "Estado": null, "Espejo Agu": null, "NombreCami": null }, "geometry": { "type": "MultiLineString", "coordinates": [ ] } },
{ "type": "Feature", "properties": { "Longitud K": null, "id": "1", "Estado": null, "Espejo Agu": null, "NombreCami": null }, "geometry": { "type": "MultiLineString", "coordinates": [ ] } },
{ "type": "Feature", "properties": { "Longitud K": null, "id": "1", "Estado": null, "Espejo Agu": null, "NombreCami": null }, "geometry": { "type": "MultiLineString", "coordinates": [ ] } },
{ "type": "Feature", "properties": { "Longitud K": null, "id": "1", "Estado": null, "Espejo Agu": null, "NombreCami": null }, "geometry": { "type": "MultiLineString", "coordinates": [ ] } },
{ "type": "Feature", "properties": { "Longitud K": null, "id": "1", "Estado": null, "Espejo Agu": null, "NombreCami": null }, "geometry": { "type": "MultiLineString", "coordinates": [ ] } },
{ "type": "Feature", "properties": { "Longitud K": null, "id": "1", "Estado": null, "Espejo Agu": null, "NombreCami": null }, "geometry": { "type": "MultiLineString", "coordinates": [ ] } },
{ "type": "Feature", "properties": { "Longitud K": null, "id": "1", "Estado": null, "Espejo Agu": null, "NombreCami": null }, "geometry": { "type": "MultiLineString", "coordinates": [ [ [ -62.609642768469257, -34.053929064747848 ], [ -62.595313197770494, -34.056496691415695 ], [ -62.564783173737894, -34.061837512870582 ] ] ] } },
{ "type": "Feature", "properties": { "Longitud K": null, "id": "1", "Estado": null, "Espejo Agu": null, "NombreCami": null }, "geometry": { "type": "MultiLineString", "coordinates": [ ] } },
{ "type": "Feature", "properties": { "Longitud K": null, "id": "1", "Estado": null, "Espejo Agu": null, "NombreCami": null }, "geometry": { "type": "MultiLineString", "coordinates": [ [ [ -62.636962132212496, -34.118701478351987 ], [ -62.638910538612009, -34.126249427522644 ], [ -62.641696688908816, -34.136837325694216 ], [ -62.645289836814413, -34.150841195037835 ] ] ] } },
{ "type": "Feature", "properties": { "Longitud K": null, "id": "1", "Estado": null, "Espejo Agu": null, "NombreCami": null }, "geometry": { "type": "MultiLineString", "coordinates": [ [ [ -62.648481004767433, -34.163213473470968 ], [ -62.649731096538893, -34.168053854181593 ], [ -62.652182452661428, -34.177424579572765 ], [ -62.654880998040674, -34.187966532691945 ], [ -62.65780991027448, -34.199136544466974 ], [ -62.660798291326934, -34.210641804329207 ], [ -62.666914010470521, -34.233426258225833 ] ] ] } },
{ "type": "Feature", "properties": { "Longitud K": "12.572", "id": "5", "Estado": "Abierto", "Espejo Agu": null, "NombreCami": "Camino N� 5" }, "geometry": { "type": "MultiLineString", "coordinates": [ [ [ -62.73552070190577, -34.27674886996504 ], [ -62.735736250663749, -34.277833852739221 ], [ -62.73543111193657, -34.278056918911091 ], [ -62.739289938215848, -34.292681744862783 ], [ -62.743076117828309, -34.306997526796586 ], [ -62.744517081617474, -34.312507242006582 ], [ -62.745559573930763, -34.312430670445892 ], [ -62.746936702360834, -34.317982061997029 ], [ -62.765080033408992, -34.386352990073696 ] ] ] } },
{ "type": "Feature", "properties": { "Longitud K": null, "id": "1", "Estado": null, "Espejo Agu": null, "NombreCami": null }, "geometry": { "type": "MultiLineString", "coordinates": [ [ [ -62.696373534935461, -34.302385236429977 ], [ -62.69666352137331, -34.303504114256093 ], [ -62.698725679070371, -34.311346048337171 ] ] ] } },
{ "type": "Feature", "properties": { "Longitud K": null, "id": "1", "Estado": null, "Espejo Agu": null, "NombreCami": null }, "geometry": { "type": "MultiLineString", "coordinates": [ [ [ -62.698725679070371, -34.311346048337171 ], [ -62.700381893424563, -34.311043992062594 ], [ -62.709532135617728, -34.309396341571919 ] ] ] } },
{ "type": "Feature", "properties": { "Longitud K": null, "id": "1", "Estado": null, "Espejo Agu": null, "NombreCami": null }, "geometry": { "type": "MultiLineString", "coordinates": [ ] } },
{ "type": "Feature", "properties": { "Longitud K": null, "id": "1", "Estado": null, "Espejo Agu": null, "NombreCami": null }, "geometry": { "type": "MultiLineString", "coordinates": [ ] } },
{ "type": "Feature", "properties": { "Longitud K": null, "id": "1", "Estado": null, "Espejo Agu": null, "NombreCami": null }, "geometry": { "type": "MultiLineString", "coordinates": [ ] } },
{ "type": "Feature", "properties": { "Longitud K": null, "id": "1", "Estado": null, "Espejo Agu": null, "NombreCami": null }, "geometry": { "type": "MultiLineString", "coordinates": [ ] } },
{ "type": "Feature", "properties": { "Longitud K": null, "id": "1", "Estado": null, "Espejo Agu": null, "NombreCami": null }, "geometry": { "type": "MultiLineString", "coordinates": [ ] } },
{ "type": "Feature", "properties": { "Longitud K": null, "id": "1", "Estado": null, "Espejo Agu": null, "NombreCami": null }, "geometry": { "type": "MultiLineString", "coordinates": [ ] } },
{ "type": "Feature", "properties": { "Longitud K": null, "id": "1", "Estado": null, "Espejo Agu": null, "NombreCami": null }, "geometry": { "type": "MultiLineString", "coordinates": [ ] } },
{ "type": "Feature", "properties": { "Longitud K": null, "id": "1", "Estado": null, "Espejo Agu": null, "NombreCami": null }, "geometry": { "type": "MultiLineString", "coordinates": [ ] } },
{ "type": "Feature", "properties": { "Longitud K": null, "id": "1", "Estado": null, "Espejo Agu": null, "NombreCami": null }, "geometry": { "type": "MultiLineString", "coordinates": [ ] } },
{ "type": "Feature", "properties": { "Longitud K": null, "id": "1", "Estado": null, "Espejo Agu": null, "NombreCami": null }, "geometry": { "type": "MultiLineString", "coordinates": [ ] } },
{ "type": "Feature", "properties": { "Longitud K": null, "id": "1", "Estado": null, "Espejo Agu": null, "NombreCami": null }, "geometry": { "type": "MultiLineString", "coordinates": [ ] } },
{ "type": "Feature", "properties": { "Longitud K": null, "id": "1", "Estado": null, "Espejo Agu": null, "NombreCami": null }, "geometry": { "type": "MultiLineString", "coordinates": [ ] } },
{ "type": "Feature", "properties": { "Longitud K": null, "id": "1", "Estado": null, "Espejo Agu": null, "NombreCami": null }, "geometry": { "type": "MultiLineString", "coordinates": [ ] } },
{ "type": "Feature", "properties": { "Longitud K": null, "id": "1", "Estado": null, "Espejo Agu": null, "NombreCami": null }, "geometry": { "type": "MultiLineString", "coordinates": [ ] } },
{ "type": "Feature", "properties": { "Longitud K": null, "id": "1", "Estado": null, "Espejo Agu": null, "NombreCami": null }, "geometry": { "type": "MultiLineString", "coordinates": [ ] } },
{ "type": "Feature", "properties": { "Longitud K": null, "id": "1", "Estado": null, "Espejo Agu": null, "NombreCami": null }, "geometry": { "type": "MultiLineString", "coordinates": [ ] } },
{ "type": "Feature", "properties": { "Longitud K": null, "id": "1", "Estado": null, "Espejo Agu": null, "NombreCami": null }, "geometry": { "type": "MultiLineString", "coordinates": [ ] } },
{ "type": "Feature", "properties": { "Longitud K": null, "id": "1", "Estado": null, "Espejo Agu": null, "NombreCami": null }, "geometry": { "type": "MultiLineString", "coordinates": [ ] } },
{ "type": "Feature", "properties": { "Longitud K": null, "id": "1", "Estado": null, "Espejo Agu": null, "NombreCami": null }, "geometry": { "type": "MultiLineString", "coordinates": [ ] } },
{ "type": "Feature", "properties": { "Longitud K": null, "id": "1", "Estado": null, "Espejo Agu": null, "NombreCami": null }, "geometry": { "type": "MultiLineString", "coordinates": [ ] } },
{ "type": "Feature", "properties": { "Longitud K": null, "id": "1", "Estado": null, "Espejo Agu": null, "NombreCami": null }, "geometry": { "type": "MultiLineString", "coordinates": [ ] } },
{ "type": "Feature", "properties": { "Longitud K": null, "id": "1", "Estado": null, "Espejo Agu": null, "NombreCami": null }, "geometry": { "type": "MultiLineString", "coordinates": [ ] } },
{ "type": "Feature", "properties": { "Longitud K": null, "id": "1", "Estado": null, "Espejo Agu": null, "NombreCami": null }, "geometry": { "type": "MultiLineString", "coordinates": [ ] } },
{ "type": "Feature", "properties": { "Longitud K": null, "id": "1", "Estado": null, "Espejo Agu": null, "NombreCami": null }, "geometry": { "type": "MultiLineString", "coordinates": [ ] } },
{ "type": "Feature", "properties": { "Longitud K": "8.81", "id": "7", "Estado": "Abierto", "Espejo Agu": null, "NombreCami": "Camino N� 7" }, "geometry": { "type": "MultiLineString", "coordinates": [ [ [ -62.696394274974509, -34.192295371090189 ], [ -62.682104517831227, -34.194759390686364 ], [ -62.673848445162427, -34.196216671208482 ], [ -62.663065365864675, -34.19820713978077 ], [ -62.652809239251816, -34.2001853028138 ], [ -62.645698077752243, -34.201456329580907 ], [ -62.639542188393555, -34.202586648114092 ], [ -62.63175616132596, -34.203954374727729 ], [ -62.621701410140787, -34.205796999273971 ], [ -62.614622023266769, -34.207103481386156 ], [ -62.613583226852775, -34.207284205357126 ], [ -62.608997404432685, -34.208148830304104 ], [ -62.604750221994195, -34.208896647035751 ], [ -62.603064918133207, -34.209200866283346 ] ] ] } },
{ "type": "Feature", "properties": { "Longitud K": "7.49", "id": "13", "Estado": "Abierto", "Espejo Agu": null, "NombreCami": "Camino N� 13" }, "geometry": { "type": "MultiLineString", "coordinates": [ [ [ -62.679380184467881, -34.183190481815686 ], [ -62.665831868577243, -34.185718115459345 ], [ -62.632277208221993, -34.191911371539838 ], [ -62.600111012961491, -34.197834879826743 ] ] ] } },
{ "type": "Feature", "properties": { "Longitud K": "6.70", "id": "36", "Estado": "Abierto", "Espejo Agu": null, "NombreCami": "Camino N� 36" }, "geometry": { "type": "MultiLineString", "coordinates": [ [ [ -62.654195246504251, -34.247809824904301 ], [ -62.680931887047855, -34.242896482920081 ], [ -62.694620859277158, -34.240316075894505 ], [ -62.725046287296699, -34.234432406056577 ] ] ] } },
{ "type": "Feature", "properties": { "Longitud K": "3.18", "id": "28", "Estado": "Abierto", "Espejo Agu": null, "NombreCami": "Camino N� 28" }, "geometry": { "type": "MultiLineString", "coordinates": [ [ [ -62.546593833519992, -34.301829383467428 ], [ -62.512875903739641, -34.308162861429729 ] ] ] } },
{ "type": "Feature", "properties": { "Longitud K": null, "id": "1", "Estado": null, "Espejo Agu": null, "NombreCami": null }, "geometry": { "type": "MultiLineString", "coordinates": [ ] } },
{ "type": "Feature", "properties": { "Longitud K": null, "id": "1", "Estado": null, "Espejo Agu": null, "NombreCami": null }, "geometry": { "type": "MultiLineString", "coordinates": [ ] } },
{ "type": "Feature", "properties": { "Longitud K": null, "id": "1", "Estado": null, "Espejo Agu": null, "NombreCami": null }, "geometry": { "type": "MultiLineString", "coordinates": [ ] } },
{ "type": "Feature", "properties": { "Longitud K": null, "id": "1", "Estado": null, "Espejo Agu": null, "NombreCami": null }, "geometry": { "type": "MultiLineString", "coordinates": [ ] } },
{ "type": "Feature", "properties": { "Longitud K": null, "id": "1", "Estado": null, "Espejo Agu": null, "NombreCami": null }, "geometry": { "type": "MultiLineString", "coordinates": [ ] } },
{ "type": "Feature", "properties": { "Longitud K": null, "id": "1", "Estado": null, "Espejo Agu": null, "NombreCami": null }, "geometry": { "type": "MultiLineString", "coordinates": [ ] } },
{ "type": "Feature", "properties": { "Longitud K": null, "id": "1", "Estado": null, "Espejo Agu": null, "NombreCami": null }, "geometry": { "type": "MultiLineString", "coordinates": [ ] } },
{ "type": "Feature", "properties": { "Longitud K": null, "id": "1", "Estado": null, "Espejo Agu": null, "NombreCami": null }, "geometry": { "type": "MultiLineString", "coordinates": [ ] } },
{ "type": "Feature", "properties": { "Longitud K": null, "id": "1", "Estado": null, "Espejo Agu": null, "NombreCami": null }, "geometry": { "type": "MultiLineString", "coordinates": [ ] } },
{ "type": "Feature", "properties": { "Longitud K": null, "id": "1", "Estado": null, "Espejo Agu": null, "NombreCami": null }, "geometry": { "type": "MultiLineString", "coordinates": [ ] } },
{ "type": "Feature", "properties": { "Longitud K": null, "id": "1", "Estado": null, "Espejo Agu": null, "NombreCami": null }, "geometry": { "type": "MultiLineString", "coordinates": [ ] } },
{ "type": "Feature", "properties": { "Longitud K": null, "id": "1", "Estado": null, "Espejo Agu": null, "NombreCami": null }, "geometry": { "type": "MultiLineString", "coordinates": [ ] } },
{ "type": "Feature", "properties": { "Longitud K": null, "id": "1", "Estado": null, "Espejo Agu": null, "NombreCami": null }, "geometry": { "type": "MultiLineString", "coordinates": [ ] } },
{ "type": "Feature", "properties": { "Longitud K": null, "id": "1", "Estado": null, "Espejo Agu": null, "NombreCami": null }, "geometry": { "type": "MultiLineString", "coordinates": [ ] } },
{ "type": "Feature", "properties": { "Longitud K": null, "id": "1", "Estado": null, "Espejo Agu": null, "NombreCami": null }, "geometry": { "type": "MultiLineString", "coordinates": [ ] } },
{ "type": "Feature", "properties": { "Longitud K": null, "id": "1", "Estado": null, "Espejo Agu": null, "NombreCami": null }, "geometry": { "type": "MultiLineString", "coordinates": [ ] } },
{ "type": "Feature", "properties": { "Longitud K": null, "id": "1", "Estado": null, "Espejo Agu": null, "NombreCami": null }, "geometry": { "type": "MultiLineString", "coordinates": [ ] } },
{ "type": "Feature", "properties": { "Longitud K": null, "id": "1", "Estado": null, "Espejo Agu": null, "NombreCami": null }, "geometry": { "type": "MultiLineString", "coordinates": [ ] } },
{ "type": "Feature", "properties": { "Longitud K": null, "id": "1", "Estado": null, "Espejo Agu": null, "NombreCami": null }, "geometry": { "type": "MultiLineString", "coordinates": [ ] } },
{ "type": "Feature", "properties": { "Longitud K": null, "id": "1", "Estado": null, "Espejo Agu": null, "NombreCami": null }, "geometry": { "type": "MultiLineString", "coordinates": [ ] } },
{ "type": "Feature", "properties": { "Longitud K": null, "id": "1", "Estado": null, "Espejo Agu": null, "NombreCami": null }, "geometry": { "type": "MultiLineString", "coordinates": [ ] } },
{ "type": "Feature", "properties": { "Longitud K": null, "id": "1", "Estado": null, "Espejo Agu": null, "NombreCami": null }, "geometry": { "type": "MultiLineString", "coordinates": [ ] } },
{ "type": "Feature", "properties": { "Longitud K": null, "id": "1", "Estado": null, "Espejo Agu": null, "NombreCami": null }, "geometry": { "type": "MultiLineString", "coordinates": [ ] } },
{ "type": "Feature", "properties": { "Longitud K": null, "id": "1", "Estado": null, "Espejo Agu": null, "NombreCami": null }, "geometry": { "type": "MultiLineString", "coordinates": [ ] } },
{ "type": "Feature", "properties": { "Longitud K": null, "id": "1", "Estado": null, "Espejo Agu": null, "NombreCami": null }, "geometry": { "type": "MultiLineString", "coordinates": [ ] } },
{ "type": "Feature", "properties": { "Longitud K": null, "id": "1", "Estado": null, "Espejo Agu": null, "NombreCami": null }, "geometry": { "type": "MultiLineString", "coordinates": [ ] } },
{ "type": "Feature", "properties": { "Longitud K": null, "id": "1", "Estado": null, "Espejo Agu": null, "NombreCami": null }, "geometry": { "type": "MultiLineString", "coordinates": [ ] } },
{ "type": "Feature", "properties": { "Longitud K": null, "id": "1", "Estado": null, "Espejo Agu": null, "NombreCami": null }, "geometry": { "type": "MultiLineString", "coordinates": [ ] } },
{ "type": "Feature", "properties": { "Longitud K": null, "id": "1", "Estado": null, "Espejo Agu": null, "NombreCami": null }, "geometry": { "type": "MultiLineString", "coordinates": [ ] } },
{ "type": "Feature", "properties": { "Longitud K": null, "id": "1", "Estado": null, "Espejo Agu": null, "NombreCami": null }, "geometry": { "type": "MultiLineString", "coordinates": [ ] } },
{ "type": "Feature", "properties": { "Longitud K": null, "id": "1", "Estado": null, "Espejo Agu": null, "NombreCami": null }, "geometry": { "type": "MultiLineString", "coordinates": [ ] } },
{ "type": "Feature", "properties": { "Longitud K": null, "id": "1", "Estado": null, "Espejo Agu": null, "NombreCami": null }, "geometry": { "type": "MultiLineString", "coordinates": [ ] } },
{ "type": "Feature", "properties": { "Longitud K": null, "id": "1", "Estado": null, "Espejo Agu": null, "NombreCami": null }, "geometry": { "type": "MultiLineString", "coordinates": [ ] } },
{ "type": "Feature", "properties": { "Longitud K": null, "id": "1", "Estado": null, "Espejo Agu": null, "NombreCami": null }, "geometry": { "type": "MultiLineString", "coordinates": [ ] } },
{ "type": "Feature", "properties": { "Longitud K": null, "id": "1", "Estado": null, "Espejo Agu": null, "NombreCami": null }, "geometry": { "type": "MultiLineString", "coordinates": [ ] } },
{ "type": "Feature", "properties": { "Longitud K": null, "id": "1", "Estado": null, "Espejo Agu": null, "NombreCami": null }, "geometry": { "type": "MultiLineString", "coordinates": [ ] } },
{ "type": "Feature", "properties": { "Longitud K": null, "id": "1", "Estado": null, "Espejo Agu": null, "NombreCami": null }, "geometry": { "type": "MultiLineString", "coordinates": [ ] } },
{ "type": "Feature", "properties": { "Longitud K": null, "id": "1", "Estado": null, "Espejo Agu": null, "NombreCami": null }, "geometry": { "type": "MultiLineString", "coordinates": [ ] } },
{ "type": "Feature", "properties": { "Longitud K": null, "id": "1", "Estado": null, "Espejo Agu": null, "NombreCami": null }, "geometry": { "type": "MultiLineString", "coordinates": [ ] } },
{ "type": "Feature", "properties": { "Longitud K": null, "id": "1", "Estado": null, "Espejo Agu": null, "NombreCami": null }, "geometry": { "type": "MultiLineString", "coordinates": [ ] } },
{ "type": "Feature", "properties": { "Longitud K": null, "id": "1", "Estado": null, "Espejo Agu": null, "NombreCami": null }, "geometry": { "type": "MultiLineString", "coordinates": [ ] } },
{ "type": "Feature", "properties": { "Longitud K": null, "id": "1", "Estado": null, "Espejo Agu": null, "NombreCami": null }, "geometry": { "type": "MultiLineString", "coordinates": [ ] } },
{ "type": "Feature", "properties": { "Longitud K": null, "id": "1", "Estado": null, "Espejo Agu": null, "NombreCami": null }, "geometry": { "type": "MultiLineString", "coordinates": [ ] } },
{ "type": "Feature", "properties": { "Longitud K": null, "id": "1", "Estado": null, "Espejo Agu": null, "NombreCami": null }, "geometry": { "type": "MultiLineString", "coordinates": [ ] } },
{ "type": "Feature", "properties": { "Longitud K": null, "id": "1", "Estado": null, "Espejo Agu": null, "NombreCami": null }, "geometry": { "type": "MultiLineString", "coordinates": [ ] } },
{ "type": "Feature", "properties": { "Longitud K": null, "id": "1", "Estado": null, "Espejo Agu": null, "NombreCami": null }, "geometry": { "type": "MultiLineString", "coordinates": [ ] } },
{ "type": "Feature", "properties": { "Longitud K": null, "id": "1", "Estado": null, "Espejo Agu": null, "NombreCami": null }, "geometry": { "type": "MultiLineString", "coordinates": [ ] } },
{ "type": "Feature", "properties": { "Longitud K": null, "id": "1", "Estado": null, "Espejo Agu": null, "NombreCami": null }, "geometry": { "type": "MultiLineString", "coordinates": [ ] } },
{ "type": "Feature", "properties": { "Longitud K": null, "id": "1", "Estado": null, "Espejo Agu": null, "NombreCami": null }, "geometry": { "type": "MultiLineString", "coordinates": [ ] } },
{ "type": "Feature", "properties": { "Longitud K": null, "id": "1", "Estado": null, "Espejo Agu": null, "NombreCami": null }, "geometry": { "type": "MultiLineString", "coordinates": [ ] } },
{ "type": "Feature", "properties": { "Longitud K": null, "id": "1", "Estado": null, "Espejo Agu": null, "NombreCami": null }, "geometry": { "type": "MultiLineString", "coordinates": [ ] } },
{ "type": "Feature", "properties": { "Longitud K": null, "id": "1", "Estado": null, "Espejo Agu": null, "NombreCami": null }, "geometry": { "type": "MultiLineString", "coordinates": [ ] } },
{ "type": "Feature", "properties": { "Longitud K": null, "id": "1", "Estado": null, "Espejo Agu": null, "NombreCami": null }, "geometry": { "type": "MultiLineString", "coordinates": [ ] } },
{ "type": "Feature", "properties": { "Longitud K": null, "id": "1", "Estado": null, "Espejo Agu": null, "NombreCami": null }, "geometry": { "type": "MultiLineString", "coordinates": [ ] } },
{ "type": "Feature", "properties": { "Longitud K": null, "id": "1", "Estado": null, "Espejo Agu": null, "NombreCami": null }, "geometry": { "type": "MultiLineString", "coordinates": [ ] } },
{ "type": "Feature", "properties": { "Longitud K": null, "id": "1", "Estado": null, "Espejo Agu": null, "NombreCami": null }, "geometry": { "type": "MultiLineString", "coordinates": [ ] } },
{ "type": "Feature", "properties": { "Longitud K": null, "id": "1", "Estado": null, "Espejo Agu": null, "NombreCami": null }, "geometry": { "type": "MultiLineString", "coordinates": [ ] } },
{ "type": "Feature", "properties": { "Longitud K": null, "id": "1", "Estado": null, "Espejo Agu": null, "NombreCami": null }, "geometry": { "type": "MultiLineString", "coordinates": [ ] } },
{ "type": "Feature", "properties": { "Longitud K": null, "id": "1", "Estado": null, "Espejo Agu": null, "NombreCami": null }, "geometry": { "type": "MultiLineString", "coordinates": [ ] } },
{ "type": "Feature", "properties": { "Longitud K": null, "id": "1", "Estado": null, "Espejo Agu": null, "NombreCami": null }, "geometry": { "type": "MultiLineString", "coordinates": [ ] } },
{ "type": "Feature", "properties": { "Longitud K": null, "id": "1", "Estado": null, "Espejo Agu": null, "NombreCami": null }, "geometry": { "type": "MultiLineString", "coordinates": [ ] } },
{ "type": "Feature", "properties": { "Longitud K": null, "id": "1", "Estado": null, "Espejo Agu": null, "NombreCami": null }, "geometry": { "type": "MultiLineString", "coordinates": [ ] } },
{ "type": "Feature", "properties": { "Longitud K": null, "id": "1", "Estado": null, "Espejo Agu": null, "NombreCami": null }, "geometry": { "type": "MultiLineString", "coordinates": [ ] } },
{ "type": "Feature", "properties": { "Longitud K": null, "id": "1", "Estado": null, "Espejo Agu": null, "NombreCami": null }, "geometry": { "type": "MultiLineString", "coordinates": [ ] } },
{ "type": "Feature", "properties": { "Longitud K": null, "id": "1", "Estado": null, "Espejo Agu": null, "NombreCami": null }, "geometry": { "type": "MultiLineString", "coordinates": [ ] } },
{ "type": "Feature", "properties": { "Longitud K": null, "id": "1", "Estado": null, "Espejo Agu": null, "NombreCami": null }, "geometry": { "type": "MultiLineString", "coordinates": [ ] } },
{ "type": "Feature", "properties": { "Longitud K": null, "id": "1", "Estado": null, "Espejo Agu": null, "NombreCami": null }, "geometry": { "type": "MultiLineString", "coordinates": [ ] } },
{ "type": "Feature", "properties": { "Longitud K": null, "id": "1", "Estado": null, "Espejo Agu": null, "NombreCami": null }, "geometry": { "type": "MultiLineString", "coordinates": [ ] } },
{ "type": "Feature", "properties": { "Longitud K": null, "id": "1", "Estado": null, "Espejo Agu": null, "NombreCami": null }, "geometry": { "type": "MultiLineString", "coordinates": [ ] } },
{ "type": "Feature", "properties": { "Longitud K": null, "id": "1", "Estado": null, "Espejo Agu": null, "NombreCami": null }, "geometry": { "type": "MultiLineString", "coordinates": [ ] } },
{ "type": "Feature", "properties": { "Longitud K": null, "id": "1", "Estado": null, "Espejo Agu": null, "NombreCami": null }, "geometry": { "type": "MultiLineString", "coordinates": [ ] } },
{ "type": "Feature", "properties": { "Longitud K": null, "id": "1", "Estado": null, "Espejo Agu": null, "NombreCami": null }, "geometry": { "type": "MultiLineString", "coordinates": [ ] } },
{ "type": "Feature", "properties": { "Longitud K": null, "id": "1", "Estado": null, "Espejo Agu": null, "NombreCami": null }, "geometry": { "type": "MultiLineString", "coordinates": [ ] } },
{ "type": "Feature", "properties": { "Longitud K": null, "id": "1", "Estado": null, "Espejo Agu": null, "NombreCami": null }, "geometry": { "type": "MultiLineString", "coordinates": [ ] } },
{ "type": "Feature", "properties": { "Longitud K": null, "id": "1", "Estado": null, "Espejo Agu": null, "NombreCami": null }, "geometry": { "type": "MultiLineString", "coordinates": [ ] } },
{ "type": "Feature", "properties": { "Longitud K": null, "id": "1", "Estado": null, "Espejo Agu": null, "NombreCami": null }, "geometry": { "type": "MultiLineString", "coordinates": [ ] } },
{ "type": "Feature", "properties": { "Longitud K": null, "id": "1", "Estado": null, "Espejo Agu": null, "NombreCami": null }, "geometry": { "type": "MultiLineString", "coordinates": [ ] } },
{ "type": "Feature", "properties": { "Longitud K": null, "id": "1", "Estado": null, "Espejo Agu": null, "NombreCami": null }, "geometry": { "type": "MultiLineString", "coordinates": [ ] } },
{ "type": "Feature", "properties": { "Longitud K": null, "id": "1", "Estado": null, "Espejo Agu": null, "NombreCami": null }, "geometry": { "type": "MultiLineString", "coordinates": [ ] } },
{ "type": "Feature", "properties": { "Longitud K": null, "id": "1", "Estado": null, "Espejo Agu": null, "NombreCami": null }, "geometry": { "type": "MultiLineString", "coordinates": [ ] } },
{ "type": "Feature", "properties": { "Longitud K": null, "id": "1", "Estado": null, "Espejo Agu": null, "NombreCami": null }, "geometry": { "type": "MultiLineString", "coordinates": [ ] } },
{ "type": "Feature", "properties": { "Longitud K": null, "id": "1", "Estado": null, "Espejo Agu": null, "NombreCami": null }, "geometry": { "type": "MultiLineString", "coordinates": [ ] } },
{ "type": "Feature", "properties": { "Longitud K": null, "id": "1", "Estado": null, "Espejo Agu": null, "NombreCami": null }, "geometry": { "type": "MultiLineString", "coordinates": [ ] } },
{ "type": "Feature", "properties": { "Longitud K": null, "id": "1", "Estado": null, "Espejo Agu": null, "NombreCami": null }, "geometry": { "type": "MultiLineString", "coordinates": [ ] } },
{ "type": "Feature", "properties": { "Longitud K": null, "id": "1", "Estado": null, "Espejo Agu": null, "NombreCami": null }, "geometry": { "type": "MultiLineString", "coordinates": [ ] } },
{ "type": "Feature", "properties": { "Longitud K": null, "id": "1", "Estado": null, "Espejo Agu": null, "NombreCami": null }, "geometry": { "type": "MultiLineString", "coordinates": [ ] } },
{ "type": "Feature", "properties": { "Longitud K": null, "id": "1", "Estado": null, "Espejo Agu": null, "NombreCami": null }, "geometry": { "type": "MultiLineString", "coordinates": [ ] } },
{ "type": "Feature", "properties": { "Longitud K": null, "id": "1", "Estado": null, "Espejo Agu": null, "NombreCami": null }, "geometry": { "type": "MultiLineString", "coordinates": [ ] } },
{ "type": "Feature", "properties": { "Longitud K": null, "id": "1", "Estado": null, "Espejo Agu": null, "NombreCami": null }, "geometry": { "type": "MultiLineString", "coordinates": [ ] } },
{ "type": "Feature", "properties": { "Longitud K": null, "id": "1", "Estado": null, "Espejo Agu": null, "NombreCami": null }, "geometry": { "type": "MultiLineString", "coordinates": [ ] } },
{ "type": "Feature", "properties": { "Longitud K": null, "id": "1", "Estado": null, "Espejo Agu": null, "NombreCami": null }, "geometry": { "type": "MultiLineString", "coordinates": [ ] } },
{ "type": "Feature", "properties": { "Longitud K": null, "id": "1", "Estado": null, "Espejo Agu": null, "NombreCami": null }, "geometry": { "type": "MultiLineString", "coordinates": [ ] } },
{ "type": "Feature", "properties": { "Longitud K": null, "id": "1", "Estado": null, "Espejo Agu": null, "NombreCami": null }, "geometry": { "type": "MultiLineString", "coordinates": [ ] } },
{ "type": "Feature", "properties": { "Longitud K": null, "id": "1", "Estado": null, "Espejo Agu": null, "NombreCami": null }, "geometry": { "type": "MultiLineString", "coordinates": [ ] } },
{ "type": "Feature", "properties": { "Longitud K": null, "id": "1", "Estado": null, "Espejo Agu": null, "NombreCami": null }, "geometry": { "type": "MultiLineString", "coordinates": [ ] } },
{ "type": "Feature", "properties": { "Longitud K": null, "id": "1", "Estado": null, "Espejo Agu": null, "NombreCami": null }, "geometry": { "type": "MultiLineString", "coordinates": [ ] } },
{ "type": "Feature", "properties": { "Longitud K": null, "id": "1", "Estado": null, "Espejo Agu": null, "NombreCami": null }, "geometry": { "type": "MultiLineString", "coordinates": [ ] } },
{ "type": "Feature", "properties": { "Longitud K": null, "id": "1", "Estado": null, "Espejo Agu": null, "NombreCami": null }, "geometry": { "type": "MultiLineString", "coordinates": [ ] } },
{ "type": "Feature", "properties": { "Longitud K": null, "id": "1", "Estado": null, "Espejo Agu": null, "NombreCami": null }, "geometry": { "type": "MultiLineString", "coordinates": [ ] } },
{ "type": "Feature", "properties": { "Longitud K": null, "id": "1", "Estado": null, "Espejo Agu": null, "NombreCami": null }, "geometry": { "type": "MultiLineString", "coordinates": [ ] } },
{ "type": "Feature", "properties": { "Longitud K": null, "id": "1", "Estado": null, "Espejo Agu": null, "NombreCami": null }, "geometry": { "type": "MultiLineString", "coordinates": [ ] } },
{ "type": "Feature", "properties": { "Longitud K": null, "id": "1", "Estado": null, "Espejo Agu": null, "NombreCami": null }, "geometry": { "type": "MultiLineString", "coordinates": [ ] } },
{ "type": "Feature", "properties": { "Longitud K": null, "id": "1", "Estado": null, "Espejo Agu": null, "NombreCami": null }, "geometry": { "type": "MultiLineString", "coordinates": [ ] } },
{ "type": "Feature", "properties": { "Longitud K": null, "id": "1", "Estado": null, "Espejo Agu": null, "NombreCami": null }, "geometry": { "type": "MultiLineString", "coordinates": [ ] } },
{ "type": "Feature", "properties": { "Longitud K": null, "id": "1", "Estado": null, "Espejo Agu": null, "NombreCami": null }, "geometry": { "type": "MultiLineString", "coordinates": [ ] } },
{ "type": "Feature", "properties": { "Longitud K": null, "id": "1", "Estado": null, "Espejo Agu": null, "NombreCami": null }, "geometry": { "type": "MultiLineString", "coordinates": [ ] } },
{ "type": "Feature", "properties": { "Longitud K": null, "id": "1", "Estado": null, "Espejo Agu": null, "NombreCami": null }, "geometry": { "type": "MultiLineString", "coordinates": [ ] } },
{ "type": "Feature", "properties": { "Longitud K": null, "id": "1", "Estado": null, "Espejo Agu": null, "NombreCami": null }, "geometry": { "type": "MultiLineString", "coordinates": [ ] } },
{ "type": "Feature", "properties": { "Longitud K": null, "id": "1", "Estado": null, "Espejo Agu": null, "NombreCami": null }, "geometry": { "type": "MultiLineString", "coordinates": [ ] } },
{ "type": "Feature", "properties": { "Longitud K": null, "id": "1", "Estado": null, "Espejo Agu": null, "NombreCami": null }, "geometry": { "type": "MultiLineString", "coordinates": [ ] } },
{ "type": "Feature", "properties": { "Longitud K": null, "id": "1", "Estado": null, "Espejo Agu": null, "NombreCami": null }, "geometry": { "type": "MultiLineString", "coordinates": [ ] } },
{ "type": "Feature", "properties": { "Longitud K": null, "id": "1", "Estado": null, "Espejo Agu": null, "NombreCami": null }, "geometry": { "type": "MultiLineString", "coordinates": [ ] } },
{ "type": "Feature", "properties": { "Longitud K": null, "id": "1", "Estado": null, "Espejo Agu": null, "NombreCami": null }, "geometry": { "type": "MultiLineString", "coordinates": [ ] } },
{ "type": "Feature", "properties": { "Longitud K": null, "id": "1", "Estado": null, "Espejo Agu": null, "NombreCami": null }, "geometry": { "type": "MultiLineString", "coordinates": [ ] } },
{ "type": "Feature", "properties": { "Longitud K": null, "id": "1", "Estado": null, "Espejo Agu": null, "NombreCami": null }, "geometry": { "type": "MultiLineString", "coordinates": [ ] } },
{ "type": "Feature", "properties": { "Longitud K": null, "id": "1", "Estado": null, "Espejo Agu": null, "NombreCami": null }, "geometry": { "type": "MultiLineString", "coordinates": [ ] } },
{ "type": "Feature", "properties": { "Longitud K": null, "id": "1", "Estado": null, "Espejo Agu": null, "NombreCami": null }, "geometry": { "type": "MultiLineString", "coordinates": [ ] } },
{ "type": "Feature", "properties": { "Longitud K": null, "id": "1", "Estado": null, "Espejo Agu": null, "NombreCami": null }, "geometry": { "type": "MultiLineString", "coordinates": [ ] } },
{ "type": "Feature", "properties": { "Longitud K": null, "id": "1", "Estado": null, "Espejo Agu": null, "NombreCami": null }, "geometry": { "type": "MultiLineString", "coordinates": [ ] } },
{ "type": "Feature", "properties": { "Longitud K": null, "id": "1", "Estado": null, "Espejo Agu": null, "NombreCami": null }, "geometry": { "type": "MultiLineString", "coordinates": [ ] } },
{ "type": "Feature", "properties": { "Longitud K": null, "id": "1", "Estado": null, "Espejo Agu": null, "NombreCami": null }, "geometry": { "type": "MultiLineString", "coordinates": [ ] } },
{ "type": "Feature", "properties": { "Longitud K": null, "id": "1", "Estado": null, "Espejo Agu": null, "NombreCami": null }, "geometry": { "type": "MultiLineString", "coordinates": [ ] } },
{ "type": "Feature", "properties": { "Longitud K": null, "id": "1", "Estado": null, "Espejo Agu": null, "NombreCami": null }, "geometry": { "type": "MultiLineString", "coordinates": [ ] } },
{ "type": "Feature", "properties": { "Longitud K": null, "id": "1", "Estado": null, "Espejo Agu": null, "NombreCami": null }, "geometry": { "type": "MultiLineString", "coordinates": [ ] } },
{ "type": "Feature", "properties": { "Longitud K": null, "id": "1", "Estado": null, "Espejo Agu": null, "NombreCami": null }, "geometry": { "type": "MultiLineString", "coordinates": [ ] } },
{ "type": "Feature", "properties": { "Longitud K": null, "id": "1", "Estado": null, "Espejo Agu": null, "NombreCami": null }, "geometry": { "type": "MultiLineString", "coordinates": [ ] } },
{ "type": "Feature", "properties": { "Longitud K": null, "id": "1", "Estado": null, "Espejo Agu": null, "NombreCami": null }, "geometry": { "type": "MultiLineString", "coordinates": [ ] } },
{ "type": "Feature", "properties": { "Longitud K": null, "id": "1", "Estado": null, "Espejo Agu": null, "NombreCami": null }, "geometry": { "type": "MultiLineString", "coordinates": [ ] } },
{ "type": "Feature", "properties": { "Longitud K": null, "id": "1", "Estado": null, "Espejo Agu": null, "NombreCami": null }, "geometry": { "type": "MultiLineString", "coordinates": [ ] } },
{ "type": "Feature", "properties": { "Longitud K": null, "id": "1", "Estado": null, "Espejo Agu": null, "NombreCami": null }, "geometry": { "type": "MultiLineString", "coordinates": [ ] } },
{ "type": "Feature", "properties": { "Longitud K": null, "id": "1", "Estado": null, "Espejo Agu": null, "NombreCami": null }, "geometry": { "type": "MultiLineString", "coordinates": [ ] } },
{ "type": "Feature", "properties": { "Longitud K": null, "id": "1", "Estado": null, "Espejo Agu": null, "NombreCami": null }, "geometry": { "type": "MultiLineString", "coordinates": [ ] } },
{ "type": "Feature", "properties": { "Longitud K": null, "id": "1", "Estado": null, "Espejo Agu": null, "NombreCami": null }, "geometry": { "type": "MultiLineString", "coordinates": [ ] } },
{ "type": "Feature", "properties": { "Longitud K": null, "id": "1", "Estado": null, "Espejo Agu": null, "NombreCami": null }, "geometry": { "type": "MultiLineString", "coordinates": [ ] } },
{ "type": "Feature", "properties": { "Longitud K": null, "id": "1", "Estado": null, "Espejo Agu": null, "NombreCami": null }, "geometry": { "type": "MultiLineString", "coordinates": [ ] } },
{ "type": "Feature", "properties": { "Longitud K": null, "id": "1", "Estado": null, "Espejo Agu": null, "NombreCami": null }, "geometry": { "type": "MultiLineString", "coordinates": [ ] } },
{ "type": "Feature", "properties": { "Longitud K": null, "id": "1", "Estado": null, "Espejo Agu": null, "NombreCami": null }, "geometry": { "type": "MultiLineString", "coordinates": [ ] } },
{ "type": "Feature", "properties": { "Longitud K": null, "id": "1", "Estado": null, "Espejo Agu": null, "NombreCami": null }, "geometry": { "type": "MultiLineString", "coordinates": [ ] } },
{ "type": "Feature", "properties": { "Longitud K": null, "id": "1", "Estado": null, "Espejo Agu": null, "NombreCami": null }, "geometry": { "type": "MultiLineString", "coordinates": [ ] } },
{ "type": "Feature", "properties": { "Longitud K": null, "id": "1", "Estado": null, "Espejo Agu": null, "NombreCami": null }, "geometry": { "type": "MultiLineString", "coordinates": [ ] } },
{ "type": "Feature", "properties": { "Longitud K": null, "id": "1", "Estado": null, "Espejo Agu": null, "NombreCami": null }, "geometry": { "type": "MultiLineString", "coordinates": [ ] } },
{ "type": "Feature", "properties": { "Longitud K": null, "id": "1", "Estado": null, "Espejo Agu": null, "NombreCami": null }, "geometry": { "type": "MultiLineString", "coordinates": [ ] } },
{ "type": "Feature", "properties": { "Longitud K": null, "id": "1", "Estado": null, "Espejo Agu": null, "NombreCami": null }, "geometry": { "type": "MultiLineString", "coordinates": [ ] } },
{ "type": "Feature", "properties": { "Longitud K": null, "id": "1", "Estado": null, "Espejo Agu": null, "NombreCami": null }, "geometry": { "type": "MultiLineString", "coordinates": [ ] } },
{ "type": "Feature", "properties": { "Longitud K": null, "id": "1", "Estado": null, "Espejo Agu": null, "NombreCami": null }, "geometry": { "type": "MultiLineString", "coordinates": [ ] } },
{ "type": "Feature", "properties": { "Longitud K": null, "id": "1", "Estado": null, "Espejo Agu": null, "NombreCami": null }, "geometry": { "type": "MultiLineString", "coordinates": [ ] } },
{ "type": "Feature", "properties": { "Longitud K": null, "id": "1", "Estado": null, "Espejo Agu": null, "NombreCami": null }, "geometry": { "type": "MultiLineString", "coordinates": [ ] } },
{ "type": "Feature", "properties": { "Longitud K": null, "id": "1", "Estado": null, "Espejo Agu": null, "NombreCami": null }, "geometry": { "type": "MultiLineString", "coordinates": [ ] } },
{ "type": "Feature", "properties": { "Longitud K": null, "id": "1", "Estado": null, "Espejo Agu": null, "NombreCami": null }, "geometry": { "type": "MultiLineString", "coordinates": [ ] } },
{ "type": "Feature", "properties": { "Longitud K": null, "id": "1", "Estado": null, "Espejo Agu": null, "NombreCami": null }, "geometry": { "type": "MultiLineString", "coordinates": [ ] } },
{ "type": "Feature", "properties": { "Longitud K": null, "id": "1", "Estado": null, "Espejo Agu": null, "NombreCami": null }, "geometry": { "type": "MultiLineString", "coordinates": [ ] } },
{ "type": "Feature", "properties": { "Longitud K": null, "id": "1", "Estado": null, "Espejo Agu": null, "NombreCami": null }, "geometry": { "type": "MultiLineString", "coordinates": [ ] } },
{ "type": "Feature", "properties": { "Longitud K": null, "id": "1", "Estado": null, "Espejo Agu": null, "NombreCami": null }, "geometry": { "type": "MultiLineString", "coordinates": [ ] } },
{ "type": "Feature", "properties": { "Longitud K": null, "id": "1", "Estado": null, "Espejo Agu": null, "NombreCami": null }, "geometry": { "type": "MultiLineString", "coordinates": [ ] } },
{ "type": "Feature", "properties": { "Longitud K": null, "id": "1", "Estado": null, "Espejo Agu": null, "NombreCami": null }, "geometry": { "type": "MultiLineString", "coordinates": [ ] } },
{ "type": "Feature", "properties": { "Longitud K": null, "id": "1", "Estado": null, "Espejo Agu": null, "NombreCami": null }, "geometry": { "type": "MultiLineString", "coordinates": [ ] } },
{ "type": "Feature", "properties": { "Longitud K": null, "id": "1", "Estado": null, "Espejo Agu": null, "NombreCami": null }, "geometry": { "type": "MultiLineString", "coordinates": [ ] } },
{ "type": "Feature", "properties": { "Longitud K": null, "id": "1", "Estado": null, "Espejo Agu": null, "NombreCami": null }, "geometry": { "type": "MultiLineString", "coordinates": [ ] } },
{ "type": "Feature", "properties": { "Longitud K": null, "id": "1", "Estado": null, "Espejo Agu": null, "NombreCami": null }, "geometry": { "type": "MultiLineString", "coordinates": [ ] } },
{ "type": "Feature", "properties": { "Longitud K": null, "id": "1", "Estado": null, "Espejo Agu": null, "NombreCami": null }, "geometry": { "type": "MultiLineString", "coordinates": [ ] } },
{ "type": "Feature", "properties": { "Longitud K": null, "id": "1", "Estado": null, "Espejo Agu": null, "NombreCami": null }, "geometry": { "type": "MultiLineString", "coordinates": [ ] } },
{ "type": "Feature", "properties": { "Longitud K": null, "id": "1", "Estado": null, "Espejo Agu": null, "NombreCami": null }, "geometry": { "type": "MultiLineString", "coordinates": [ ] } },
{ "type": "Feature", "properties": { "Longitud K": null, "id": "1", "Estado": null, "Espejo Agu": null, "NombreCami": null }, "geometry": { "type": "MultiLineString", "coordinates": [ ] } },
{ "type": "Feature", "properties": { "Longitud K": null, "id": "1", "Estado": null, "Espejo Agu": null, "NombreCami": null }, "geometry": { "type": "MultiLineString", "coordinates": [ ] } },
{ "type": "Feature", "properties": { "Longitud K": null, "id": "1", "Estado": null, "Espejo Agu": null, "NombreCami": null }, "geometry": { "type": "MultiLineString", "coordinates": [ ] } },
{ "type": "Feature", "properties": { "Longitud K": null, "id": "1", "Estado": null, "Espejo Agu": null, "NombreCami": null }, "geometry": { "type": "MultiLineString", "coordinates": [ ] } },
{ "type": "Feature", "properties": { "Longitud K": null, "id": "1", "Estado": null, "Espejo Agu": null, "NombreCami": null }, "geometry": { "type": "MultiLineString", "coordinates": [ ] } },
{ "type": "Feature", "properties": { "Longitud K": null, "id": "1", "Estado": null, "Espejo Agu": null, "NombreCami": null }, "geometry": { "type": "MultiLineString", "coordinates": [ ] } },
{ "type": "Feature", "properties": { "Longitud K": null, "id": "1", "Estado": null, "Espejo Agu": null, "NombreCami": null }, "geometry": { "type": "MultiLineString", "coordinates": [ ] } },
{ "type": "Feature", "properties": { "Longitud K": null, "id": "1", "Estado": null, "Espejo Agu": null, "NombreCami": null }, "geometry": { "type": "MultiLineString", "coordinates": [ ] } },
{ "type": "Feature", "properties": { "Longitud K": null, "id": "1", "Estado": null, "Espejo Agu": null, "NombreCami": null }, "geometry": { "type": "MultiLineString", "coordinates": [ ] } },
{ "type": "Feature", "properties": { "Longitud K": null, "id": "1", "Estado": null, "Espejo Agu": null, "NombreCami": null }, "geometry": { "type": "MultiLineString", "coordinates": [ ] } },
{ "type": "Feature", "properties": { "Longitud K": null, "id": "1", "Estado": null, "Espejo Agu": null, "NombreCami": null }, "geometry": { "type": "MultiLineString", "coordinates": [ ] } },
{ "type": "Feature", "properties": { "Longitud K": null, "id": "1", "Estado": null, "Espejo Agu": null, "NombreCami": null }, "geometry": { "type": "MultiLineString", "coordinates": [ ] } },
{ "type": "Feature", "properties": { "Longitud K": null, "id": "1", "Estado": null, "Espejo Agu": null, "NombreCami": null }, "geometry": { "type": "MultiLineString", "coordinates": [ ] } },
{ "type": "Feature", "properties": { "Longitud K": null, "id": "1", "Estado": null, "Espejo Agu": null, "NombreCami": null }, "geometry": { "type": "MultiLineString", "coordinates": [ ] } },
{ "type": "Feature", "properties": { "Longitud K": null, "id": "1", "Estado": null, "Espejo Agu": null, "NombreCami": null }, "geometry": { "type": "MultiLineString", "coordinates": [ ] } },
{ "type": "Feature", "properties": { "Longitud K": null, "id": "1", "Estado": null, "Espejo Agu": null, "NombreCami": null }, "geometry": { "type": "MultiLineString", "coordinates": [ ] } },
{ "type": "Feature", "properties": { "Longitud K": null, "id": "1", "Estado": null, "Espejo Agu": null, "NombreCami": null }, "geometry": { "type": "MultiLineString", "coordinates": [ ] } },
{ "type": "Feature", "properties": { "Longitud K": null, "id": "1", "Estado": null, "Espejo Agu": null, "NombreCami": null }, "geometry": { "type": "MultiLineString", "coordinates": [ ] } },
{ "type": "Feature", "properties": { "Longitud K": null, "id": "1", "Estado": null, "Espejo Agu": null, "NombreCami": null }, "geometry": { "type": "MultiLineString", "coordinates": [ ] } },
{ "type": "Feature", "properties": { "Longitud K": null, "id": "1", "Estado": null, "Espejo Agu": null, "NombreCami": null }, "geometry": { "type": "MultiLineString", "coordinates": [ ] } },
{ "type": "Feature", "properties": { "Longitud K": null, "id": "1", "Estado": null, "Espejo Agu": null, "NombreCami": null }, "geometry": { "type": "MultiLineString", "coordinates": [ ] } },
{ "type": "Feature", "properties": { "Longitud K": null, "id": "1", "Estado": null, "Espejo Agu": null, "NombreCami": null }, "geometry": { "type": "MultiLineString", "coordinates": [ ] } },
{ "type": "Feature", "properties": { "Longitud K": null, "id": "1", "Estado": null, "Espejo Agu": null, "NombreCami": null }, "geometry": { "type": "MultiLineString", "coordinates": [ ] } },
{ "type": "Feature", "properties": { "Longitud K": null, "id": "1", "Estado": null, "Espejo Agu": null, "NombreCami": null }, "geometry": { "type": "MultiLineString", "coordinates": [ ] } },
{ "type": "Feature", "properties": { "Longitud K": null, "id": "1", "Estado": null, "Espejo Agu": null, "NombreCami": null }, "geometry": { "type": "MultiLineString", "coordinates": [ ] } },
{ "type": "Feature", "properties": { "Longitud K": null, "id": "1", "Estado": null, "Espejo Agu": null, "NombreCami": null }, "geometry": { "type": "MultiLineString", "coordinates": [ ] } },
{ "type": "Feature", "properties": { "Longitud K": null, "id": "1", "Estado": null, "Espejo Agu": null, "NombreCami": null }, "geometry": { "type": "MultiLineString", "coordinates": [ ] } },
{ "type": "Feature", "properties": { "Longitud K": null, "id": "1", "Estado": null, "Espejo Agu": null, "NombreCami": null }, "geometry": { "type": "MultiLineString", "coordinates": [ ] } },
{ "type": "Feature", "properties": { "Longitud K": null, "id": "1", "Estado": null, "Espejo Agu": null, "NombreCami": null }, "geometry": { "type": "MultiLineString", "coordinates": [ ] } },
{ "type": "Feature", "properties": { "Longitud K": null, "id": "1", "Estado": null, "Espejo Agu": null, "NombreCami": null }, "geometry": { "type": "MultiLineString", "coordinates": [ ] } },
{ "type": "Feature", "properties": { "Longitud K": null, "id": "1", "Estado": null, "Espejo Agu": null, "NombreCami": null }, "geometry": { "type": "MultiLineString", "coordinates": [ ] } },
{ "type": "Feature", "properties": { "Longitud K": null, "id": "1", "Estado": null, "Espejo Agu": null, "NombreCami": null }, "geometry": { "type": "MultiLineString", "coordinates": [ ] } },
{ "type": "Feature", "properties": { "Longitud K": null, "id": "1", "Estado": null, "Espejo Agu": null, "NombreCami": null }, "geometry": { "type": "MultiLineString", "coordinates": [ ] } },
{ "type": "Feature", "properties": { "Longitud K": null, "id": "1", "Estado": null, "Espejo Agu": null, "NombreCami": null }, "geometry": { "type": "MultiLineString", "coordinates": [ ] } },
{ "type": "Feature", "properties": { "Longitud K": null, "id": "1", "Estado": null, "Espejo Agu": null, "NombreCami": null }, "geometry": { "type": "MultiLineString", "coordinates": [ ] } },
{ "type": "Feature", "properties": { "Longitud K": null, "id": "1", "Estado": null, "Espejo Agu": null, "NombreCami": null }, "geometry": { "type": "MultiLineString", "coordinates": [ ] } },
{ "type": "Feature", "properties": { "Longitud K": null, "id": "1", "Estado": null, "Espejo Agu": null, "NombreCami": null }, "geometry": { "type": "MultiLineString", "coordinates": [ ] } },
{ "type": "Feature", "properties": { "Longitud K": null, "id": "1", "Estado": null, "Espejo Agu": null, "NombreCami": null }, "geometry": { "type": "MultiLineString", "coordinates": [ ] } },
{ "type": "Feature", "properties": { "Longitud K": null, "id": "1", "Estado": null, "Espejo Agu": null, "NombreCami": null }, "geometry": { "type": "MultiLineString", "coordinates": [ ] } },
{ "type": "Feature", "properties": { "Longitud K": null, "id": "1", "Estado": null, "Espejo Agu": null, "NombreCami": null }, "geometry": { "type": "MultiLineString", "coordinates": [ ] } },
{ "type": "Feature", "properties": { "Longitud K": null, "id": "1", "Estado": null, "Espejo Agu": null, "NombreCami": null }, "geometry": { "type": "MultiLineString", "coordinates": [ ] } },
{ "type": "Feature", "properties": { "Longitud K": null, "id": "1", "Estado": null, "Espejo Agu": null, "NombreCami": null }, "geometry": { "type": "MultiLineString", "coordinates": [ ] } },
{ "type": "Feature", "properties": { "Longitud K": null, "id": "1", "Estado": null, "Espejo Agu": null, "NombreCami": null }, "geometry": { "type": "MultiLineString", "coordinates": [ ] } },
{ "type": "Feature", "properties": { "Longitud K": null, "id": "1", "Estado": null, "Espejo Agu": null, "NombreCami": null }, "geometry": { "type": "MultiLineString", "coordinates": [ ] } },
{ "type": "Feature", "properties": { "Longitud K": null, "id": "1", "Estado": null, "Espejo Agu": null, "NombreCami": null }, "geometry": { "type": "MultiLineString", "coordinates": [ ] } },
{ "type": "Feature", "properties": { "Longitud K": null, "id": "1", "Estado": null, "Espejo Agu": null, "NombreCami": null }, "geometry": { "type": "MultiLineString", "coordinates": [ ] } },
{ "type": "Feature", "properties": { "Longitud K": null, "id": "1", "Estado": null, "Espejo Agu": null, "NombreCami": null }, "geometry": { "type": "MultiLineString", "coordinates": [ ] } },
{ "type": "Feature", "properties": { "Longitud K": null, "id": "1", "Estado": null, "Espejo Agu": null, "NombreCami": null }, "geometry": { "type": "MultiLineString", "coordinates": [ ] } },
{ "type": "Feature", "properties": { "Longitud K": null, "id": "1", "Estado": null, "Espejo Agu": null, "NombreCami": null }, "geometry": { "type": "MultiLineString", "coordinates": [ ] } },
{ "type": "Feature", "properties": { "Longitud K": null, "id": "1", "Estado": null, "Espejo Agu": null, "NombreCami": null }, "geometry": { "type": "MultiLineString", "coordinates": [ ] } },
{ "type": "Feature", "properties": { "Longitud K": null, "id": "1", "Estado": null, "Espejo Agu": null, "NombreCami": null }, "geometry": { "type": "MultiLineString", "coordinates": [ ] } },
{ "type": "Feature", "properties": { "Longitud K": null, "id": "1", "Estado": null, "Espejo Agu": null, "NombreCami": null }, "geometry": { "type": "MultiLineString", "coordinates": [ ] } },
{ "type": "Feature", "properties": { "Longitud K": null, "id": "1", "Estado": null, "Espejo Agu": null, "NombreCami": null }, "geometry": { "type": "MultiLineString", "coordinates": [ ] } },
{ "type": "Feature", "properties": { "Longitud K": null, "id": "1", "Estado": null, "Espejo Agu": null, "NombreCami": null }, "geometry": { "type": "MultiLineString", "coordinates": [ ] } },
{ "type": "Feature", "properties": { "Longitud K": null, "id": "1", "Estado": null, "Espejo Agu": null, "NombreCami": null }, "geometry": { "type": "MultiLineString", "coordinates": [ ] } },
{ "type": "Feature", "properties": { "Longitud K": null, "id": "1", "Estado": null, "Espejo Agu": null, "NombreCami": null }, "geometry": { "type": "MultiLineString", "coordinates": [ ] } },
{ "type": "Feature", "properties": { "Longitud K": null, "id": "1", "Estado": null, "Espejo Agu": null, "NombreCami": null }, "geometry": { "type": "MultiLineString", "coordinates": [ ] } },
{ "type": "Feature", "properties": { "Longitud K": null, "id": "1", "Estado": null, "Espejo Agu": null, "NombreCami": null }, "geometry": { "type": "MultiLineString", "coordinates": [ ] } },
{ "type": "Feature", "properties": { "Longitud K": null, "id": "1", "Estado": null, "Espejo Agu": null, "NombreCami": null }, "geometry": { "type": "MultiLineString", "coordinates": [ ] } },
{ "type": "Feature", "properties": { "Longitud K": null, "id": "1", "Estado": null, "Espejo Agu": null, "NombreCami": null }, "geometry": { "type": "MultiLineString", "coordinates": [ ] } },
{ "type": "Feature", "properties": { "Longitud K": null, "id": "1", "Estado": null, "Espejo Agu": null, "NombreCami": null }, "geometry": { "type": "MultiLineString", "coordinates": [ ] } },
{ "type": "Feature", "properties": { "Longitud K": null, "id": "1", "Estado": null, "Espejo Agu": null, "NombreCami": null }, "geometry": { "type": "MultiLineString", "coordinates": [ ] } },
{ "type": "Feature", "properties": { "Longitud K": null, "id": "1", "Estado": null, "Espejo Agu": null, "NombreCami": null }, "geometry": { "type": "MultiLineString", "coordinates": [ ] } },
{ "type": "Feature", "properties": { "Longitud K": null, "id": "1", "Estado": null, "Espejo Agu": null, "NombreCami": null }, "geometry": { "type": "MultiLineString", "coordinates": [ ] } },
{ "type": "Feature", "properties": { "Longitud K": null, "id": "1", "Estado": null, "Espejo Agu": null, "NombreCami": null }, "geometry": { "type": "MultiLineString", "coordinates": [ ] } },
{ "type": "Feature", "properties": { "Longitud K": null, "id": "1", "Estado": null, "Espejo Agu": null, "NombreCami": null }, "geometry": { "type": "MultiLineString", "coordinates": [ ] } },
{ "type": "Feature", "properties": { "Longitud K": null, "id": "1", "Estado": null, "Espejo Agu": null, "NombreCami": null }, "geometry": { "type": "MultiLineString", "coordinates": [ ] } },
{ "type": "Feature", "properties": { "Longitud K": null, "id": "1", "Estado": null, "Espejo Agu": null, "NombreCami": null }, "geometry": { "type": "MultiLineString", "coordinates": [ ] } },
{ "type": "Feature", "properties": { "Longitud K": null, "id": "1", "Estado": null, "Espejo Agu": null, "NombreCami": null }, "geometry": { "type": "MultiLineString", "coordinates": [ ] } },
{ "type": "Feature", "properties": { "Longitud K": null, "id": "1", "Estado": null, "Espejo Agu": null, "NombreCami": null }, "geometry": { "type": "MultiLineString", "coordinates": [ ] } },
{ "type": "Feature", "properties": { "Longitud K": null, "id": "1", "Estado": null, "Espejo Agu": null, "NombreCami": null }, "geometry": { "type": "MultiLineString", "coordinates": [ ] } },
{ "type": "Feature", "properties": { "Longitud K": null, "id": "1", "Estado": null, "Espejo Agu": null, "NombreCami": null }, "geometry": { "type": "MultiLineString", "coordinates": [ ] } },
{ "type": "Feature", "properties": { "Longitud K": null, "id": "1", "Estado": null, "Espejo Agu": null, "NombreCami": null }, "geometry": { "type": "MultiLineString", "coordinates": [ ] } },
{ "type": "Feature", "properties": { "Longitud K": null, "id": "1", "Estado": null, "Espejo Agu": null, "NombreCami": null }, "geometry": { "type": "MultiLineString", "coordinates": [ ] } },
{ "type": "Feature", "properties": { "Longitud K": null, "id": "1", "Estado": null, "Espejo Agu": null, "NombreCami": null }, "geometry": { "type": "MultiLineString", "coordinates": [ ] } },
{ "type": "Feature", "properties": { "Longitud K": null, "id": "1", "Estado": null, "Espejo Agu": null, "NombreCami": null }, "geometry": { "type": "MultiLineString", "coordinates": [ ] } },
{ "type": "Feature", "properties": { "Longitud K": null, "id": "1", "Estado": null, "Espejo Agu": null, "NombreCami": null }, "geometry": { "type": "MultiLineString", "coordinates": [ ] } },
{ "type": "Feature", "properties": { "Longitud K": null, "id": "1", "Estado": null, "Espejo Agu": null, "NombreCami": null }, "geometry": { "type": "MultiLineString", "coordinates": [ ] } },
{ "type": "Feature", "properties": { "Longitud K": null, "id": "1", "Estado": null, "Espejo Agu": null, "NombreCami": null }, "geometry": { "type": "MultiLineString", "coordinates": [ ] } },
{ "type": "Feature", "properties": { "Longitud K": null, "id": "1", "Estado": null, "Espejo Agu": null, "NombreCami": null }, "geometry": { "type": "MultiLineString", "coordinates": [ ] } },
{ "type": "Feature", "properties": { "Longitud K": null, "id": "1", "Estado": null, "Espejo Agu": null, "NombreCami": null }, "geometry": { "type": "MultiLineString", "coordinates": [ ] } },
{ "type": "Feature", "properties": { "Longitud K": null, "id": "1", "Estado": null, "Espejo Agu": null, "NombreCami": null }, "geometry": { "type": "MultiLineString", "coordinates": [ ] } },
{ "type": "Feature", "properties": { "Longitud K": null, "id": "1", "Estado": null, "Espejo Agu": null, "NombreCami": null }, "geometry": { "type": "MultiLineString", "coordinates": [ ] } },
{ "type": "Feature", "properties": { "Longitud K": null, "id": "1", "Estado": null, "Espejo Agu": null, "NombreCami": null }, "geometry": { "type": "MultiLineString", "coordinates": [ ] } },
{ "type": "Feature", "properties": { "Longitud K": null, "id": "1", "Estado": null, "Espejo Agu": null, "NombreCami": null }, "geometry": { "type": "MultiLineString", "coordinates": [ ] } },
{ "type": "Feature", "properties": { "Longitud K": null, "id": "1", "Estado": null, "Espejo Agu": null, "NombreCami": null }, "geometry": { "type": "MultiLineString", "coordinates": [ ] } },
{ "type": "Feature", "properties": { "Longitud K": null, "id": "1", "Estado": null, "Espejo Agu": null, "NombreCami": null }, "geometry": { "type": "MultiLineString", "coordinates": [ ] } },
{ "type": "Feature", "properties": { "Longitud K": null, "id": "1", "Estado": null, "Espejo Agu": null, "NombreCami": null }, "geometry": { "type": "MultiLineString", "coordinates": [ ] } },
{ "type": "Feature", "properties": { "Longitud K": null, "id": "1", "Estado": null, "Espejo Agu": null, "NombreCami": null }, "geometry": { "type": "MultiLineString", "coordinates": [ ] } },
{ "type": "Feature", "properties": { "Longitud K": null, "id": "1", "Estado": null, "Espejo Agu": null, "NombreCami": null }, "geometry": { "type": "MultiLineString", "coordinates": [ ] } },
{ "type": "Feature", "properties": { "Longitud K": null, "id": "1", "Estado": null, "Espejo Agu": null, "NombreCami": null }, "geometry": { "type": "MultiLineString", "coordinates": [ ] } },
{ "type": "Feature", "properties": { "Longitud K": null, "id": "1", "Estado": null, "Espejo Agu": null, "NombreCami": null }, "geometry": { "type": "MultiLineString", "coordinates": [ ] } },
{ "type": "Feature", "properties": { "Longitud K": null, "id": "1", "Estado": null, "Espejo Agu": null, "NombreCami": null }, "geometry": { "type": "MultiLineString", "coordinates": [ ] } },
{ "type": "Feature", "properties": { "Longitud K": null, "id": "1", "Estado": null, "Espejo Agu": null, "NombreCami": null }, "geometry": { "type": "MultiLineString", "coordinates": [ ] } },
{ "type": "Feature", "properties": { "Longitud K": null, "id": "1", "Estado": null, "Espejo Agu": null, "NombreCami": null }, "geometry": { "type": "MultiLineString", "coordinates": [ ] } },
{ "type": "Feature", "properties": { "Longitud K": null, "id": "1", "Estado": null, "Espejo Agu": null, "NombreCami": null }, "geometry": { "type": "MultiLineString", "coordinates": [ ] } },
{ "type": "Feature", "properties": { "Longitud K": null, "id": "1", "Estado": null, "Espejo Agu": null, "NombreCami": null }, "geometry": { "type": "MultiLineString", "coordinates": [ ] } },
{ "type": "Feature", "properties": { "Longitud K": null, "id": "1", "Estado": null, "Espejo Agu": null, "NombreCami": null }, "geometry": { "type": "MultiLineString", "coordinates": [ ] } },
{ "type": "Feature", "properties": { "Longitud K": null, "id": "1", "Estado": null, "Espejo Agu": null, "NombreCami": null }, "geometry": { "type": "MultiLineString", "coordinates": [ ] } },
{ "type": "Feature", "properties": { "Longitud K": null, "id": "1", "Estado": null, "Espejo Agu": null, "NombreCami": null }, "geometry": { "type": "MultiLineString", "coordinates": [ ] } },
{ "type": "Feature", "properties": { "Longitud K": null, "id": "1", "Estado": null, "Espejo Agu": null, "NombreCami": null }, "geometry": { "type": "MultiLineString", "coordinates": [ ] } },
{ "type": "Feature", "properties": { "Longitud K": null, "id": "1", "Estado": null, "Espejo Agu": null, "NombreCami": null }, "geometry": { "type": "MultiLineString", "coordinates": [ ] } },
{ "type": "Feature", "properties": { "Longitud K": null, "id": "1", "Estado": null, "Espejo Agu": null, "NombreCami": null }, "geometry": { "type": "MultiLineString", "coordinates": [ ] } },
{ "type": "Feature", "properties": { "Longitud K": null, "id": "1", "Estado": null, "Espejo Agu": null, "NombreCami": null }, "geometry": { "type": "MultiLineString", "coordinates": [ ] } },
{ "type": "Feature", "properties": { "Longitud K": null, "id": "1", "Estado": null, "Espejo Agu": null, "NombreCami": null }, "geometry": { "type": "MultiLineString", "coordinates": [ ] } },
{ "type": "Feature", "properties": { "Longitud K": null, "id": "1", "Estado": null, "Espejo Agu": null, "NombreCami": null }, "geometry": { "type": "MultiLineString", "coordinates": [ ] } },
{ "type": "Feature", "properties": { "Longitud K": null, "id": "1", "Estado": null, "Espejo Agu": null, "NombreCami": null }, "geometry": { "type": "MultiLineString", "coordinates": [ ] } },
{ "type": "Feature", "properties": { "Longitud K": null, "id": "1", "Estado": null, "Espejo Agu": null, "NombreCami": null }, "geometry": { "type": "MultiLineString", "coordinates": [ ] } },
{ "type": "Feature", "properties": { "Longitud K": null, "id": "1", "Estado": null, "Espejo Agu": null, "NombreCami": null }, "geometry": { "type": "MultiLineString", "coordinates": [ ] } },
{ "type": "Feature", "properties": { "Longitud K": null, "id": "1", "Estado": null, "Espejo Agu": null, "NombreCami": null }, "geometry": { "type": "MultiLineString", "coordinates": [ ] } },
{ "type": "Feature", "properties": { "Longitud K": null, "id": "1", "Estado": null, "Espejo Agu": null, "NombreCami": null }, "geometry": { "type": "MultiLineString", "coordinates": [ ] } },
{ "type": "Feature", "properties": { "Longitud K": null, "id": "1", "Estado": null, "Espejo Agu": null, "NombreCami": null }, "geometry": { "type": "MultiLineString", "coordinates": [ ] } },
{ "type": "Feature", "properties": { "Longitud K": null, "id": "1", "Estado": null, "Espejo Agu": null, "NombreCami": null }, "geometry": { "type": "MultiLineString", "coordinates": [ ] } },
{ "type": "Feature", "properties": { "Longitud K": null, "id": "1", "Estado": null, "Espejo Agu": null, "NombreCami": null }, "geometry": { "type": "MultiLineString", "coordinates": [ ] } },
{ "type": "Feature", "properties": { "Longitud K": null, "id": "1", "Estado": null, "Espejo Agu": null, "NombreCami": null }, "geometry": { "type": "MultiLineString", "coordinates": [ ] } },
{ "type": "Feature", "properties": { "Longitud K": null, "id": "1", "Estado": null, "Espejo Agu": null, "NombreCami": null }, "geometry": { "type": "MultiLineString", "coordinates": [ ] } },
{ "type": "Feature", "properties": { "Longitud K": null, "id": "1", "Estado": null, "Espejo Agu": null, "NombreCami": null }, "geometry": { "type": "MultiLineString", "coordinates": [ ] } },
{ "type": "Feature", "properties": { "Longitud K": null, "id": "1", "Estado": null, "Espejo Agu": null, "NombreCami": null }, "geometry": { "type": "MultiLineString", "coordinates": [ ] } },
{ "type": "Feature", "properties": { "Longitud K": null, "id": "1", "Estado": null, "Espejo Agu": null, "NombreCami": null }, "geometry": { "type": "MultiLineString", "coordinates": [ ] } },
{ "type": "Feature", "properties": { "Longitud K": null, "id": "1", "Estado": null, "Espejo Agu": null, "NombreCami": null }, "geometry": { "type": "MultiLineString", "coordinates": [ ] } },
{ "type": "Feature", "properties": { "Longitud K": null, "id": "1", "Estado": null, "Espejo Agu": null, "NombreCami": null }, "geometry": { "type": "MultiLineString", "coordinates": [ ] } },
{ "type": "Feature", "properties": { "Longitud K": null, "id": "1", "Estado": null, "Espejo Agu": null, "NombreCami": null }, "geometry": { "type": "MultiLineString", "coordinates": [ ] } },
{ "type": "Feature", "properties": { "Longitud K": null, "id": "1", "Estado": null, "Espejo Agu": null, "NombreCami": null }, "geometry": { "type": "MultiLineString", "coordinates": [ ] } },
{ "type": "Feature", "properties": { "Longitud K": null, "id": "1", "Estado": null, "Espejo Agu": null, "NombreCami": null }, "geometry": { "type": "MultiLineString", "coordinates": [ ] } },
{ "type": "Feature", "properties": { "Longitud K": null, "id": "1", "Estado": null, "Espejo Agu": null, "NombreCami": null }, "geometry": { "type": "MultiLineString", "coordinates": [ ] } },
{ "type": "Feature", "properties": { "Longitud K": null, "id": "1", "Estado": null, "Espejo Agu": null, "NombreCami": null }, "geometry": { "type": "MultiLineString", "coordinates": [ ] } },
{ "type": "Feature", "properties": { "Longitud K": null, "id": "1", "Estado": null, "Espejo Agu": null, "NombreCami": null }, "geometry": { "type": "MultiLineString", "coordinates": [ ] } },
{ "type": "Feature", "properties": { "Longitud K": null, "id": "1", "Estado": null, "Espejo Agu": null, "NombreCami": null }, "geometry": { "type": "MultiLineString", "coordinates": [ ] } },
{ "type": "Feature", "properties": { "Longitud K": null, "id": "1", "Estado": null, "Espejo Agu": null, "NombreCami": null }, "geometry": { "type": "MultiLineString", "coordinates": [ ] } },
{ "type": "Feature", "properties": { "Longitud K": null, "id": "1", "Estado": null, "Espejo Agu": null, "NombreCami": null }, "geometry": { "type": "MultiLineString", "coordinates": [ ] } },
{ "type": "Feature", "properties": { "Longitud K": null, "id": "1", "Estado": null, "Espejo Agu": null, "NombreCami": null }, "geometry": { "type": "MultiLineString", "coordinates": [ ] } },
{ "type": "Feature", "properties": { "Longitud K": null, "id": "1", "Estado": null, "Espejo Agu": null, "NombreCami": null }, "geometry": { "type": "MultiLineString", "coordinates": [ ] } },
{ "type": "Feature", "properties": { "Longitud K": null, "id": "1", "Estado": null, "Espejo Agu": null, "NombreCami": null }, "geometry": { "type": "MultiLineString", "coordinates": [ ] } },
{ "type": "Feature", "properties": { "Longitud K": null, "id": "1", "Estado": null, "Espejo Agu": null, "NombreCami": null }, "geometry": { "type": "MultiLineString", "coordinates": [ ] } },
{ "type": "Feature", "properties": { "Longitud K": null, "id": "1", "Estado": null, "Espejo Agu": null, "NombreCami": null }, "geometry": { "type": "MultiLineString", "coordinates": [ ] } },
{ "type": "Feature", "properties": { "Longitud K": null, "id": "1", "Estado": null, "Espejo Agu": null, "NombreCami": null }, "geometry": { "type": "MultiLineString", "coordinates": [ ] } },
{ "type": "Feature", "properties": { "Longitud K": null, "id": "1", "Estado": null, "Espejo Agu": null, "NombreCami": null }, "geometry": { "type": "MultiLineString", "coordinates": [ ] } },
{ "type": "Feature", "properties": { "Longitud K": null, "id": "1", "Estado": null, "Espejo Agu": null, "NombreCami": null }, "geometry": { "type": "MultiLineString", "coordinates": [ ] } },
{ "type": "Feature", "properties": { "Longitud K": null, "id": "1", "Estado": null, "Espejo Agu": null, "NombreCami": null }, "geometry": { "type": "MultiLineString", "coordinates": [ ] } },
{ "type": "Feature", "properties": { "Longitud K": null, "id": "1", "Estado": null, "Espejo Agu": null, "NombreCami": null }, "geometry": { "type": "MultiLineString", "coordinates": [ ] } },
{ "type": "Feature", "properties": { "Longitud K": null, "id": "1", "Estado": null, "Espejo Agu": null, "NombreCami": null }, "geometry": { "type": "MultiLineString", "coordinates": [ ] } },
{ "type": "Feature", "properties": { "Longitud K": null, "id": "1", "Estado": null, "Espejo Agu": null, "NombreCami": null }, "geometry": { "type": "MultiLineString", "coordinates": [ ] } },
{ "type": "Feature", "properties": { "Longitud K": null, "id": "1", "Estado": null, "Espejo Agu": null, "NombreCami": null }, "geometry": { "type": "MultiLineString", "coordinates": [ ] } },
{ "type": "Feature", "properties": { "Longitud K": null, "id": "1", "Estado": null, "Espejo Agu": null, "NombreCami": null }, "geometry": { "type": "MultiLineString", "coordinates": [ ] } },
{ "type": "Feature", "properties": { "Longitud K": null, "id": "1", "Estado": null, "Espejo Agu": null, "NombreCami": null }, "geometry": { "type": "MultiLineString", "coordinates": [ ] } },
{ "type": "Feature", "properties": { "Longitud K": null, "id": "1", "Estado": null, "Espejo Agu": null, "NombreCami": null }, "geometry": { "type": "MultiLineString", "coordinates": [ ] } },
{ "type": "Feature", "properties": { "Longitud K": null, "id": "1", "Estado": null, "Espejo Agu": null, "NombreCami": null }, "geometry": { "type": "MultiLineString", "coordinates": [ ] } },
{ "type": "Feature", "properties": { "Longitud K": null, "id": "1", "Estado": null, "Espejo Agu": null, "NombreCami": null }, "geometry": { "type": "MultiLineString", "coordinates": [ ] } },
{ "type": "Feature", "properties": { "Longitud K": null, "id": "1", "Estado": null, "Espejo Agu": null, "NombreCami": null }, "geometry": { "type": "MultiLineString", "coordinates": [ ] } },
{ "type": "Feature", "properties": { "Longitud K": null, "id": "1", "Estado": null, "Espejo Agu": null, "NombreCami": null }, "geometry": { "type": "MultiLineString", "coordinates": [ ] } },
{ "type": "Feature", "properties": { "Longitud K": null, "id": "1", "Estado": null, "Espejo Agu": null, "NombreCami": null }, "geometry": { "type": "MultiLineString", "coordinates": [ ] } },
{ "type": "Feature", "properties": { "Longitud K": null, "id": "1", "Estado": null, "Espejo Agu": null, "NombreCami": null }, "geometry": { "type": "MultiLineString", "coordinates": [ ] } },
{ "type": "Feature", "properties": { "Longitud K": null, "id": "1", "Estado": null, "Espejo Agu": null, "NombreCami": null }, "geometry": { "type": "MultiLineString", "coordinates": [ ] } },
{ "type": "Feature", "properties": { "Longitud K": null, "id": "1", "Estado": null, "Espejo Agu": null, "NombreCami": null }, "geometry": { "type": "MultiLineString", "coordinates": [ ] } },
{ "type": "Feature", "properties": { "Longitud K": null, "id": "1", "Estado": null, "Espejo Agu": null, "NombreCami": null }, "geometry": { "type": "MultiLineString", "coordinates": [ ] } },
{ "type": "Feature", "properties": { "Longitud K": null, "id": "1", "Estado": null, "Espejo Agu": null, "NombreCami": null }, "geometry": { "type": "MultiLineString", "coordinates": [ ] } },
{ "type": "Feature", "properties": { "Longitud K": null, "id": "1", "Estado": null, "Espejo Agu": null, "NombreCami": null }, "geometry": { "type": "MultiLineString", "coordinates": [ ] } },
{ "type": "Feature", "properties": { "Longitud K": null, "id": "1", "Estado": null, "Espejo Agu": null, "NombreCami": null }, "geometry": { "type": "MultiLineString", "coordinates": [ ] } },
{ "type": "Feature", "properties": { "Longitud K": null, "id": "1", "Estado": null, "Espejo Agu": null, "NombreCami": null }, "geometry": { "type": "MultiLineString", "coordinates": [ ] } },
{ "type": "Feature", "properties": { "Longitud K": null, "id": "1", "Estado": null, "Espejo Agu": null, "NombreCami": null }, "geometry": { "type": "MultiLineString", "coordinates": [ ] } },
{ "type": "Feature", "properties": { "Longitud K": null, "id": "1", "Estado": null, "Espejo Agu": null, "NombreCami": null }, "geometry": { "type": "MultiLineString", "coordinates": [ ] } },
{ "type": "Feature", "properties": { "Longitud K": null, "id": "1", "Estado": null, "Espejo Agu": null, "NombreCami": null }, "geometry": { "type": "MultiLineString", "coordinates": [ ] } },
{ "type": "Feature", "properties": { "Longitud K": null, "id": "1", "Estado": null, "Espejo Agu": null, "NombreCami": null }, "geometry": { "type": "MultiLineString", "coordinates": [ ] } },
{ "type": "Feature", "properties": { "Longitud K": null, "id": "1", "Estado": null, "Espejo Agu": null, "NombreCami": null }, "geometry": { "type": "MultiLineString", "coordinates": [ ] } },
{ "type": "Feature", "properties": { "Longitud K": null, "id": "1", "Estado": null, "Espejo Agu": null, "NombreCami": null }, "geometry": { "type": "MultiLineString", "coordinates": [ ] } },
{ "type": "Feature", "properties": { "Longitud K": null, "id": "1", "Estado": null, "Espejo Agu": null, "NombreCami": null }, "geometry": { "type": "MultiLineString", "coordinates": [ ] } },
{ "type": "Feature", "properties": { "Longitud K": null, "id": "1", "Estado": null, "Espejo Agu": null, "NombreCami": null }, "geometry": { "type": "MultiLineString", "coordinates": [ ] } },
{ "type": "Feature", "properties": { "Longitud K": null, "id": "1", "Estado": null, "Espejo Agu": null, "NombreCami": null }, "geometry": { "type": "MultiLineString", "coordinates": [ ] } },
{ "type": "Feature", "properties": { "Longitud K": null, "id": "1", "Estado": null, "Espejo Agu": null, "NombreCami": null }, "geometry": { "type": "MultiLineString", "coordinates": [ ] } },
{ "type": "Feature", "properties": { "Longitud K": null, "id": "1", "Estado": null, "Espejo Agu": null, "NombreCami": null }, "geometry": { "type": "MultiLineString", "coordinates": [ ] } },
{ "type": "Feature", "properties": { "Longitud K": null, "id": "1", "Estado": null, "Espejo Agu": null, "NombreCami": null }, "geometry": { "type": "MultiLineString", "coordinates": [ ] } },
{ "type": "Feature", "properties": { "Longitud K": null, "id": "1", "Estado": null, "Espejo Agu": null, "NombreCami": null }, "geometry": { "type": "MultiLineString", "coordinates": [ ] } },
{ "type": "Feature", "properties": { "Longitud K": null, "id": "1", "Estado": null, "Espejo Agu": null, "NombreCami": null }, "geometry": { "type": "MultiLineString", "coordinates": [ ] } },
{ "type": "Feature", "properties": { "Longitud K": null, "id": "1", "Estado": null, "Espejo Agu": null, "NombreCami": null }, "geometry": { "type": "MultiLineString", "coordinates": [ ] } },
{ "type": "Feature", "properties": { "Longitud K": null, "id": "1", "Estado": null, "Espejo Agu": null, "NombreCami": null }, "geometry": { "type": "MultiLineString", "coordinates": [ ] } },
{ "type": "Feature", "properties": { "Longitud K": null, "id": "1", "Estado": null, "Espejo Agu": null, "NombreCami": null }, "geometry": { "type": "MultiLineString", "coordinates": [ ] } },
{ "type": "Feature", "properties": { "Longitud K": null, "id": "1", "Estado": null, "Espejo Agu": null, "NombreCami": null }, "geometry": { "type": "MultiLineString", "coordinates": [ ] } },
{ "type": "Feature", "properties": { "Longitud K": null, "id": "1", "Estado": null, "Espejo Agu": null, "NombreCami": null }, "geometry": { "type": "MultiLineString", "coordinates": [ ] } },
{ "type": "Feature", "properties": { "Longitud K": null, "id": "1", "Estado": null, "Espejo Agu": null, "NombreCami": null }, "geometry": { "type": "MultiLineString", "coordinates": [ ] } },
{ "type": "Feature", "properties": { "Longitud K": null, "id": "1", "Estado": null, "Espejo Agu": null, "NombreCami": null }, "geometry": { "type": "MultiLineString", "coordinates": [ ] } },
{ "type": "Feature", "properties": { "Longitud K": null, "id": "1", "Estado": null, "Espejo Agu": null, "NombreCami": null }, "geometry": { "type": "MultiLineString", "coordinates": [ ] } },
{ "type": "Feature", "properties": { "Longitud K": null, "id": "1", "Estado": null, "Espejo Agu": null, "NombreCami": null }, "geometry": { "type": "MultiLineString", "coordinates": [ ] } },
{ "type": "Feature", "properties": { "Longitud K": null, "id": "1", "Estado": null, "Espejo Agu": null, "NombreCami": null }, "geometry": { "type": "MultiLineString", "coordinates": [ ] } },
{ "type": "Feature", "properties": { "Longitud K": null, "id": "1", "Estado": null, "Espejo Agu": null, "NombreCami": null }, "geometry": { "type": "MultiLineString", "coordinates": [ ] } },
{ "type": "Feature", "properties": { "Longitud K": null, "id": "1", "Estado": null, "Espejo Agu": null, "NombreCami": null }, "geometry": { "type": "MultiLineString", "coordinates": [ ] } },
{ "type": "Feature", "properties": { "Longitud K": null, "id": "1", "Estado": null, "Espejo Agu": null, "NombreCami": null }, "geometry": { "type": "MultiLineString", "coordinates": [ ] } },
{ "type": "Feature", "properties": { "Longitud K": null, "id": "1", "Estado": null, "Espejo Agu": null, "NombreCami": null }, "geometry": { "type": "MultiLineString", "coordinates": [ ] } },
{ "type": "Feature", "properties": { "Longitud K": null, "id": "1", "Estado": null, "Espejo Agu": null, "NombreCami": null }, "geometry": { "type": "MultiLineString", "coordinates": [ ] } },
{ "type": "Feature", "properties": { "Longitud K": null, "id": "1", "Estado": null, "Espejo Agu": null, "NombreCami": null }, "geometry": { "type": "MultiLineString", "coordinates": [ ] } },
{ "type": "Feature", "properties": { "Longitud K": null, "id": "1", "Estado": null, "Espejo Agu": null, "NombreCami": null }, "geometry": { "type": "MultiLineString", "coordinates": [ ] } },
{ "type": "Feature", "properties": { "Longitud K": null, "id": "1", "Estado": null, "Espejo Agu": null, "NombreCami": null }, "geometry": { "type": "MultiLineString", "coordinates": [ ] } },
{ "type": "Feature", "properties": { "Longitud K": null, "id": "1", "Estado": null, "Espejo Agu": null, "NombreCami": null }, "geometry": { "type": "MultiLineString", "coordinates": [ ] } },
{ "type": "Feature", "properties": { "Longitud K": null, "id": "1", "Estado": null, "Espejo Agu": null, "NombreCami": null }, "geometry": { "type": "MultiLineString", "coordinates": [ ] } },
{ "type": "Feature", "properties": { "Longitud K": null, "id": "1", "Estado": null, "Espejo Agu": null, "NombreCami": null }, "geometry": { "type": "MultiLineString", "coordinates": [ ] } },
{ "type": "Feature", "properties": { "Longitud K": null, "id": "1", "Estado": null, "Espejo Agu": null, "NombreCami": null }, "geometry": { "type": "MultiLineString", "coordinates": [ ] } },
{ "type": "Feature", "properties": { "Longitud K": null, "id": "1", "Estado": null, "Espejo Agu": null, "NombreCami": null }, "geometry": { "type": "MultiLineString", "coordinates": [ ] } },
{ "type": "Feature", "properties": { "Longitud K": null, "id": "1", "Estado": null, "Espejo Agu": null, "NombreCami": null }, "geometry": { "type": "MultiLineString", "coordinates": [ ] } },
{ "type": "Feature", "properties": { "Longitud K": null, "id": "1", "Estado": null, "Espejo Agu": null, "NombreCami": null }, "geometry": { "type": "MultiLineString", "coordinates": [ ] } },
{ "type": "Feature", "properties": { "Longitud K": null, "id": "1", "Estado": null, "Espejo Agu": null, "NombreCami": null }, "geometry": { "type": "MultiLineString", "coordinates": [ ] } },
{ "type": "Feature", "properties": { "Longitud K": null, "id": "1", "Estado": null, "Espejo Agu": null, "NombreCami": null }, "geometry": { "type": "MultiLineString", "coordinates": [ ] } },
{ "type": "Feature", "properties": { "Longitud K": null, "id": "1", "Estado": null, "Espejo Agu": null, "NombreCami": null }, "geometry": { "type": "MultiLineString", "coordinates": [ ] } },
{ "type": "Feature", "properties": { "Longitud K": null, "id": "1", "Estado": null, "Espejo Agu": null, "NombreCami": null }, "geometry": { "type": "MultiLineString", "coordinates": [ ] } },
{ "type": "Feature", "properties": { "Longitud K": null, "id": "1", "Estado": null, "Espejo Agu": null, "NombreCami": null }, "geometry": { "type": "MultiLineString", "coordinates": [ ] } },
{ "type": "Feature", "properties": { "Longitud K": null, "id": "1", "Estado": null, "Espejo Agu": null, "NombreCami": null }, "geometry": { "type": "MultiLineString", "coordinates": [ ] } },
{ "type": "Feature", "properties": { "Longitud K": null, "id": "1", "Estado": null, "Espejo Agu": null, "NombreCami": null }, "geometry": { "type": "MultiLineString", "coordinates": [ ] } },
{ "type": "Feature", "properties": { "Longitud K": null, "id": "1", "Estado": null, "Espejo Agu": null, "NombreCami": null }, "geometry": { "type": "MultiLineString", "coordinates": [ ] } },
{ "type": "Feature", "properties": { "Longitud K": null, "id": "1", "Estado": null, "Espejo Agu": null, "NombreCami": null }, "geometry": { "type": "MultiLineString", "coordinates": [ ] } },
{ "type": "Feature", "properties": { "Longitud K": null, "id": "1", "Estado": null, "Espejo Agu": null, "NombreCami": null }, "geometry": { "type": "MultiLineString", "coordinates": [ ] } },
{ "type": "Feature", "properties": { "Longitud K": null, "id": "1", "Estado": null, "Espejo Agu": null, "NombreCami": null }, "geometry": { "type": "MultiLineString", "coordinates": [ ] } },
{ "type": "Feature", "properties": { "Longitud K": null, "id": "1", "Estado": null, "Espejo Agu": null, "NombreCami": null }, "geometry": { "type": "MultiLineString", "coordinates": [ ] } },
{ "type": "Feature", "properties": { "Longitud K": null, "id": "1", "Estado": null, "Espejo Agu": null, "NombreCami": null }, "geometry": { "type": "MultiLineString", "coordinates": [ ] } },
{ "type": "Feature", "properties": { "Longitud K": null, "id": "1", "Estado": null, "Espejo Agu": null, "NombreCami": null }, "geometry": { "type": "MultiLineString", "coordinates": [ ] } },
{ "type": "Feature", "properties": { "Longitud K": null, "id": "1", "Estado": null, "Espejo Agu": null, "NombreCami": null }, "geometry": { "type": "MultiLineString", "coordinates": [ ] } },
{ "type": "Feature", "properties": { "Longitud K": null, "id": "1", "Estado": null, "Espejo Agu": null, "NombreCami": null }, "geometry": { "type": "MultiLineString", "coordinates": [ ] } },
{ "type": "Feature", "properties": { "Longitud K": null, "id": "1", "Estado": null, "Espejo Agu": null, "NombreCami": null }, "geometry": { "type": "MultiLineString", "coordinates": [ ] } },
{ "type": "Feature", "properties": { "Longitud K": null, "id": "1", "Estado": null, "Espejo Agu": null, "NombreCami": null }, "geometry": { "type": "MultiLineString", "coordinates": [ ] } },
{ "type": "Feature", "properties": { "Longitud K": null, "id": "1", "Estado": null, "Espejo Agu": null, "NombreCami": null }, "geometry": { "type": "MultiLineString", "coordinates": [ ] } },
{ "type": "Feature", "properties": { "Longitud K": null, "id": "1", "Estado": null, "Espejo Agu": null, "NombreCami": null }, "geometry": { "type": "MultiLineString", "coordinates": [ ] } },
{ "type": "Feature", "properties": { "Longitud K": null, "id": "1", "Estado": null, "Espejo Agu": null, "NombreCami": null }, "geometry": { "type": "MultiLineString", "coordinates": [ ] } },
{ "type": "Feature", "properties": { "Longitud K": null, "id": "1", "Estado": null, "Espejo Agu": null, "NombreCami": null }, "geometry": { "type": "MultiLineString", "coordinates": [ ] } },
{ "type": "Feature", "properties": { "Longitud K": null, "id": "1", "Estado": null, "Espejo Agu": null, "NombreCami": null }, "geometry": { "type": "MultiLineString", "coordinates": [ ] } },
{ "type": "Feature", "properties": { "Longitud K": null, "id": "1", "Estado": null, "Espejo Agu": null, "NombreCami": null }, "geometry": { "type": "MultiLineString", "coordinates": [ ] } },
{ "type": "Feature", "properties": { "Longitud K": null, "id": "1", "Estado": null, "Espejo Agu": null, "NombreCami": null }, "geometry": { "type": "MultiLineString", "coordinates": [ ] } },
{ "type": "Feature", "properties": { "Longitud K": null, "id": "1", "Estado": null, "Espejo Agu": null, "NombreCami": null }, "geometry": { "type": "MultiLineString", "coordinates": [ ] } },
{ "type": "Feature", "properties": { "Longitud K": null, "id": "1", "Estado": null, "Espejo Agu": null, "NombreCami": null }, "geometry": { "type": "MultiLineString", "coordinates": [ ] } },
{ "type": "Feature", "properties": { "Longitud K": null, "id": "1", "Estado": null, "Espejo Agu": null, "NombreCami": null }, "geometry": { "type": "MultiLineString", "coordinates": [ ] } },
{ "type": "Feature", "properties": { "Longitud K": null, "id": "1", "Estado": null, "Espejo Agu": null, "NombreCami": null }, "geometry": { "type": "MultiLineString", "coordinates": [ ] } },
{ "type": "Feature", "properties": { "Longitud K": null, "id": "1", "Estado": null, "Espejo Agu": null, "NombreCami": null }, "geometry": { "type": "MultiLineString", "coordinates": [ ] } },
{ "type": "Feature", "properties": { "Longitud K": null, "id": "1", "Estado": null, "Espejo Agu": null, "NombreCami": null }, "geometry": { "type": "MultiLineString", "coordinates": [ ] } },
{ "type": "Feature", "properties": { "Longitud K": null, "id": "1", "Estado": null, "Espejo Agu": null, "NombreCami": null }, "geometry": { "type": "MultiLineString", "coordinates": [ ] } },
{ "type": "Feature", "properties": { "Longitud K": null, "id": "1", "Estado": null, "Espejo Agu": null, "NombreCami": null }, "geometry": { "type": "MultiLineString", "coordinates": [ ] } },
{ "type": "Feature", "properties": { "Longitud K": null, "id": "1", "Estado": null, "Espejo Agu": null, "NombreCami": null }, "geometry": { "type": "MultiLineString", "coordinates": [ ] } },
{ "type": "Feature", "properties": { "Longitud K": null, "id": "1", "Estado": null, "Espejo Agu": null, "NombreCami": null }, "geometry": { "type": "MultiLineString", "coordinates": [ ] } },
{ "type": "Feature", "properties": { "Longitud K": null, "id": "1", "Estado": null, "Espejo Agu": null, "NombreCami": null }, "geometry": { "type": "MultiLineString", "coordinates": [ ] } },
{ "type": "Feature", "properties": { "Longitud K": null, "id": "1", "Estado": null, "Espejo Agu": null, "NombreCami": null }, "geometry": { "type": "MultiLineString", "coordinates": [ ] } },
{ "type": "Feature", "properties": { "Longitud K": null, "id": "1", "Estado": null, "Espejo Agu": null, "NombreCami": null }, "geometry": { "type": "MultiLineString", "coordinates": [ ] } },
{ "type": "Feature", "properties": { "Longitud K": null, "id": "1", "Estado": null, "Espejo Agu": null, "NombreCami": null }, "geometry": { "type": "MultiLineString", "coordinates": [ ] } },
{ "type": "Feature", "properties": { "Longitud K": null, "id": "1", "Estado": null, "Espejo Agu": null, "NombreCami": null }, "geometry": { "type": "MultiLineString", "coordinates": [ ] } },
{ "type": "Feature", "properties": { "Longitud K": null, "id": "1", "Estado": null, "Espejo Agu": null, "NombreCami": null }, "geometry": { "type": "MultiLineString", "coordinates": [ ] } },
{ "type": "Feature", "properties": { "Longitud K": null, "id": "1", "Estado": null, "Espejo Agu": null, "NombreCami": null }, "geometry": { "type": "MultiLineString", "coordinates": [ ] } },
{ "type": "Feature", "properties": { "Longitud K": null, "id": "1", "Estado": null, "Espejo Agu": null, "NombreCami": null }, "geometry": { "type": "MultiLineString", "coordinates": [ ] } },
{ "type": "Feature", "properties": { "Longitud K": null, "id": "1", "Estado": null, "Espejo Agu": null, "NombreCami": null }, "geometry": { "type": "MultiLineString", "coordinates": [ ] } },
{ "type": "Feature", "properties": { "Longitud K": null, "id": "1", "Estado": null, "Espejo Agu": null, "NombreCami": null }, "geometry": { "type": "MultiLineString", "coordinates": [ ] } },
{ "type": "Feature", "properties": { "Longitud K": null, "id": "1", "Estado": null, "Espejo Agu": null, "NombreCami": null }, "geometry": { "type": "MultiLineString", "coordinates": [ ] } },
{ "type": "Feature", "properties": { "Longitud K": null, "id": "1", "Estado": null, "Espejo Agu": null, "NombreCami": null }, "geometry": { "type": "MultiLineString", "coordinates": [ ] } },
{ "type": "Feature", "properties": { "Longitud K": null, "id": "1", "Estado": null, "Espejo Agu": null, "NombreCami": null }, "geometry": { "type": "MultiLineString", "coordinates": [ ] } },
{ "type": "Feature", "properties": { "Longitud K": null, "id": "1", "Estado": null, "Espejo Agu": null, "NombreCami": null }, "geometry": { "type": "MultiLineString", "coordinates": [ ] } },
{ "type": "Feature", "properties": { "Longitud K": null, "id": "1", "Estado": null, "Espejo Agu": null, "NombreCami": null }, "geometry": { "type": "MultiLineString", "coordinates": [ ] } },
{ "type": "Feature", "properties": { "Longitud K": null, "id": "1", "Estado": null, "Espejo Agu": null, "NombreCami": null }, "geometry": { "type": "MultiLineString", "coordinates": [ ] } },
{ "type": "Feature", "properties": { "Longitud K": null, "id": "1", "Estado": null, "Espejo Agu": null, "NombreCami": null }, "geometry": { "type": "MultiLineString", "coordinates": [ ] } },
{ "type": "Feature", "properties": { "Longitud K": null, "id": "1", "Estado": null, "Espejo Agu": null, "NombreCami": null }, "geometry": { "type": "MultiLineString", "coordinates": [ ] } },
{ "type": "Feature", "properties": { "Longitud K": null, "id": "1", "Estado": null, "Espejo Agu": null, "NombreCami": null }, "geometry": { "type": "MultiLineString", "coordinates": [ ] } },
{ "type": "Feature", "properties": { "Longitud K": null, "id": "1", "Estado": null, "Espejo Agu": null, "NombreCami": null }, "geometry": { "type": "MultiLineString", "coordinates": [ ] } },
{ "type": "Feature", "properties": { "Longitud K": null, "id": "1", "Estado": null, "Espejo Agu": null, "NombreCami": null }, "geometry": { "type": "MultiLineString", "coordinates": [ ] } },
{ "type": "Feature", "properties": { "Longitud K": null, "id": "1", "Estado": null, "Espejo Agu": null, "NombreCami": null }, "geometry": { "type": "MultiLineString", "coordinates": [ ] } },
{ "type": "Feature", "properties": { "Longitud K": null, "id": "1", "Estado": null, "Espejo Agu": null, "NombreCami": null }, "geometry": { "type": "MultiLineString", "coordinates": [ ] } },
{ "type": "Feature", "properties": { "Longitud K": null, "id": "1", "Estado": null, "Espejo Agu": null, "NombreCami": null }, "geometry": { "type": "MultiLineString", "coordinates": [ ] } },
{ "type": "Feature", "properties": { "Longitud K": null, "id": "1", "Estado": null, "Espejo Agu": null, "NombreCami": null }, "geometry": { "type": "MultiLineString", "coordinates": [ ] } },
{ "type": "Feature", "properties": { "Longitud K": null, "id": "1", "Estado": null, "Espejo Agu": null, "NombreCami": null }, "geometry": { "type": "MultiLineString", "coordinates": [ ] } },
{ "type": "Feature", "properties": { "Longitud K": null, "id": "1", "Estado": null, "Espejo Agu": null, "NombreCami": null }, "geometry": { "type": "MultiLineString", "coordinates": [ ] } },
{ "type": "Feature", "properties": { "Longitud K": null, "id": "1", "Estado": null, "Espejo Agu": null, "NombreCami": null }, "geometry": { "type": "MultiLineString", "coordinates": [ ] } },
{ "type": "Feature", "properties": { "Longitud K": null, "id": "1", "Estado": null, "Espejo Agu": null, "NombreCami": null }, "geometry": { "type": "MultiLineString", "coordinates": [ ] } },
{ "type": "Feature", "properties": { "Longitud K": null, "id": "1", "Estado": null, "Espejo Agu": null, "NombreCami": null }, "geometry": { "type": "MultiLineString", "coordinates": [ ] } },
{ "type": "Feature", "properties": { "Longitud K": null, "id": "1", "Estado": null, "Espejo Agu": null, "NombreCami": null }, "geometry": { "type": "MultiLineString", "coordinates": [ ] } },
{ "type": "Feature", "properties": { "Longitud K": null, "id": "1", "Estado": null, "Espejo Agu": null, "NombreCami": null }, "geometry": { "type": "MultiLineString", "coordinates": [ ] } },
{ "type": "Feature", "properties": { "Longitud K": null, "id": "1", "Estado": null, "Espejo Agu": null, "NombreCami": null }, "geometry": { "type": "MultiLineString", "coordinates": [ ] } },
{ "type": "Feature", "properties": { "Longitud K": null, "id": "1", "Estado": null, "Espejo Agu": null, "NombreCami": null }, "geometry": { "type": "MultiLineString", "coordinates": [ ] } },
{ "type": "Feature", "properties": { "Longitud K": null, "id": "1", "Estado": null, "Espejo Agu": null, "NombreCami": null }, "geometry": { "type": "MultiLineString", "coordinates": [ ] } },
{ "type": "Feature", "properties": { "Longitud K": null, "id": "1", "Estado": null, "Espejo Agu": null, "NombreCami": null }, "geometry": { "type": "MultiLineString", "coordinates": [ ] } },
{ "type": "Feature", "properties": { "Longitud K": null, "id": "1", "Estado": null, "Espejo Agu": null, "NombreCami": null }, "geometry": { "type": "MultiLineString", "coordinates": [ ] } },
{ "type": "Feature", "properties": { "Longitud K": null, "id": "1", "Estado": null, "Espejo Agu": null, "NombreCami": null }, "geometry": { "type": "MultiLineString", "coordinates": [ ] } },
{ "type": "Feature", "properties": { "Longitud K": null, "id": "1", "Estado": null, "Espejo Agu": null, "NombreCami": null }, "geometry": { "type": "MultiLineString", "coordinates": [ ] } },
{ "type": "Feature", "properties": { "Longitud K": null, "id": "1", "Estado": null, "Espejo Agu": null, "NombreCami": null }, "geometry": { "type": "MultiLineString", "coordinates": [ ] } },
{ "type": "Feature", "properties": { "Longitud K": null, "id": "1", "Estado": null, "Espejo Agu": null, "NombreCami": null }, "geometry": { "type": "MultiLineString", "coordinates": [ ] } },
{ "type": "Feature", "properties": { "Longitud K": null, "id": "1", "Estado": null, "Espejo Agu": null, "NombreCami": null }, "geometry": { "type": "MultiLineString", "coordinates": [ ] } },
{ "type": "Feature", "properties": { "Longitud K": null, "id": "1", "Estado": null, "Espejo Agu": null, "NombreCami": null }, "geometry": { "type": "MultiLineString", "coordinates": [ ] } },
{ "type": "Feature", "properties": { "Longitud K": null, "id": "1", "Estado": null, "Espejo Agu": null, "NombreCami": null }, "geometry": { "type": "MultiLineString", "coordinates": [ ] } },
{ "type": "Feature", "properties": { "Longitud K": null, "id": "1", "Estado": null, "Espejo Agu": null, "NombreCami": null }, "geometry": { "type": "MultiLineString", "coordinates": [ ] } },
{ "type": "Feature", "properties": { "Longitud K": null, "id": "1", "Estado": null, "Espejo Agu": null, "NombreCami": null }, "geometry": { "type": "MultiLineString", "coordinates": [ ] } },
{ "type": "Feature", "properties": { "Longitud K": null, "id": "1", "Estado": null, "Espejo Agu": null, "NombreCami": null }, "geometry": { "type": "MultiLineString", "coordinates": [ ] } },
{ "type": "Feature", "properties": { "Longitud K": null, "id": "1", "Estado": null, "Espejo Agu": null, "NombreCami": null }, "geometry": { "type": "MultiLineString", "coordinates": [ ] } },
{ "type": "Feature", "properties": { "Longitud K": null, "id": "1", "Estado": null, "Espejo Agu": null, "NombreCami": null }, "geometry": { "type": "MultiLineString", "coordinates": [ ] } },
{ "type": "Feature", "properties": { "Longitud K": null, "id": "1", "Estado": null, "Espejo Agu": null, "NombreCami": null }, "geometry": { "type": "MultiLineString", "coordinates": [ ] } },
{ "type": "Feature", "properties": { "Longitud K": null, "id": "1", "Estado": null, "Espejo Agu": null, "NombreCami": null }, "geometry": { "type": "MultiLineString", "coordinates": [ ] } },
{ "type": "Feature", "properties": { "Longitud K": null, "id": "1", "Estado": null, "Espejo Agu": null, "NombreCami": null }, "geometry": { "type": "MultiLineString", "coordinates": [ ] } },
{ "type": "Feature", "properties": { "Longitud K": null, "id": "1", "Estado": null, "Espejo Agu": null, "NombreCami": null }, "geometry": { "type": "MultiLineString", "coordinates": [ ] } },
{ "type": "Feature", "properties": { "Longitud K": null, "id": "1", "Estado": null, "Espejo Agu": null, "NombreCami": null }, "geometry": { "type": "MultiLineString", "coordinates": [ ] } },
{ "type": "Feature", "properties": { "Longitud K": null, "id": null, "Estado": "Abierto", "Espejo Agu": null, "NombreCami": null }, "geometry": { "type": "MultiLineString", "coordinates": [ [ [ -62.532629702578184, -34.161523210962677 ], [ -62.526736226362402, -34.138449867435952 ] ] ] } },
{ "type": "Feature", "properties": { "Longitud K": null, "id": null, "Estado": "Abierto", "Espejo Agu": null, "NombreCami": null }, "geometry": { "type": "MultiLineString", "coordinates": [ [ [ -62.587986837657255, -34.151312756010995 ], [ -62.568518276993366, -34.154924560578742 ] ] ] } },
{ "type": "Feature", "properties": { "Longitud K": null, "id": null, "Estado": null, "Espejo Agu": null, "NombreCami": null }, "geometry": { "type": "MultiLineString", "coordinates": [ [ [ -62.593359439061516, -34.098677191790685 ], [ -62.585464155766687, -34.100051146524876 ], [ -62.584543030329741, -34.096360072914791 ], [ -62.574210552279524, -34.098167646436735 ] ] ] } },
{ "type": "Feature", "properties": { "Longitud K": null, "id": null, "Estado": null, "Espejo Agu": null, "NombreCami": null }, "geometry": { "type": "MultiLineString", "coordinates": [ [ [ -62.581833367482787, -34.128588232698611 ], [ -62.574210552279524, -34.098167646436735 ] ] ] } },
{ "type": "Feature", "properties": { "Longitud K": null, "id": null, "Estado": null, "Espejo Agu": null, "NombreCami": null }, "geometry": { "type": "MultiLineString", "coordinates": [ [ [ -62.548563949189685, -33.999244802787921 ], [ -62.570239207452687, -34.082867071442429 ], [ -62.574210552279524, -34.098167646436735 ] ] ] } },
{ "type": "Feature", "properties": { "Longitud K": null, "id": null, "Estado": null, "Espejo Agu": null, "NombreCami": null }, "geometry": { "type": "MultiLineString", "coordinates": [ ] } },
{ "type": "Feature", "properties": { "Longitud K": null, "id": null, "Estado": null, "Espejo Agu": null, "NombreCami": null }, "geometry": { "type": "MultiLineString", "coordinates": [ ] } },
{ "type": "Feature", "properties": { "Longitud K": null, "id": null, "Estado": null, "Espejo Agu": null, "NombreCami": null }, "geometry": { "type": "MultiLineString", "coordinates": [ [ [ -62.591692908770398, -34.079024191568848 ], [ -62.570239207452687, -34.082867071442429 ] ] ] } },
{ "type": "Feature", "properties": { "Longitud K": "4.76", "id": "37", "Estado": "Abierto", "Espejo Agu": null, "NombreCami": "Camino N� 37" }, "geometry": { "type": "MultiLineString", "coordinates": [ [ [ -62.608696225808039, -34.027942349774804 ], [ -62.558316987939463, -34.036895140841999 ] ] ] } },
{ "type": "Feature", "properties": { "Longitud K": null, "id": null, "Estado": null, "Espejo Agu": null, "NombreCami": null }, "geometry": { "type": "MultiLineString", "coordinates": [ [ [ -62.645289836814413, -34.150841195037835 ], [ -62.648481004767433, -34.163213473470968 ] ] ] } },
{ "type": "Feature", "properties": { "Longitud K": null, "id": null, "Estado": null, "Espejo Agu": null, "NombreCami": null }, "geometry": { "type": "MultiLineString", "coordinates": [ ] } },
{ "type": "Feature", "properties": { "Longitud K": null, "id": null, "Estado": null, "Espejo Agu": null, "NombreCami": null }, "geometry": { "type": "MultiLineString", "coordinates": [ [ [ -62.781959680912053, -34.365867592313357 ], [ -62.760628143610852, -34.369635305840013 ] ] ] } },
{ "type": "Feature", "properties": { "Longitud K": null, "id": null, "Estado": null, "Espejo Agu": null, "NombreCami": null }, "geometry": { "type": "MultiLineString", "coordinates": [ [ [ -62.548563949189685, -33.999244802787921 ], [ -62.582698052472324, -33.993161688821232 ] ] ] } },
{ "type": "Feature", "properties": { "Longitud K": "15.25", "id": "2S", "Estado": "Abierto", "Espejo Agu": null, "NombreCami": "Camino Pcial 2S" }, "geometry": { "type": "MultiLineString", "coordinates": [ [ [ -62.709941333092623, -34.243432779516063 ], [ -62.708383401759178, -34.237653821145855 ], [ -62.699347041069061, -34.203487099036536 ], [ -62.696337655421218, -34.192305153528139 ], [ -62.694446415926969, -34.185059623723895 ], [ -62.693299927150093, -34.180690498553275 ], [ -62.692154084674314, -34.177089342796194 ], [ -62.689445259468236, -34.168530278745401 ], [ -62.683688499075679, -34.15026558348454 ], [ -62.678971482259335, -34.135315125851356 ], [ -62.677243245885663, -34.129752829382035 ], [ -62.674807186067724, -34.121857170680762 ], [ -62.671982449278431, -34.112350739145661 ], [ -62.581841244650725, -34.128587492222813 ] ] ] } },
{ "type": "Feature", "properties": { "Longitud K": null, "id": null, "Estado": null, "Espejo Agu": null, "NombreCami": null }, "geometry": { "type": "MultiLineString", "coordinates": [ ] } },
{ "type": "Feature", "properties": { "Longitud K": null, "id": null, "Estado": null, "Espejo Agu": null, "NombreCami": null }, "geometry": { "type": "MultiLineString", "coordinates": [ [ [ -62.613546447236459, -34.122849559080791 ], [ -62.610445261348701, -34.111257968985441 ] ] ] } },
{ "type": "Feature", "properties": { "Longitud K": null, "id": null, "Estado": null, "Espejo Agu": null, "NombreCami": null }, "geometry": { "type": "MultiLineString", "coordinates": [ [ [ -62.638825299944848, -34.125928061224556 ], [ -62.626176251412268, -34.128204761470251 ], [ -62.626637938263968, -34.12999201569972 ], [ -62.595066192333071, -34.135550980874569 ], [ -62.597523373225663, -34.144502046048906 ] ] ] } },
{ "type": "Feature", "properties": { "Longitud K": null, "id": null, "Estado": null, "Espejo Agu": null, "NombreCami": null }, "geometry": { "type": "MultiLineString", "coordinates": [ [ [ -62.581833367482787, -34.128588232698611 ], [ -62.606470287491263, -34.222240973628651 ] ] ] } },
{ "type": "Feature", "properties": { "Longitud K": null, "id": null, "Estado": null, "Espejo Agu": null, "NombreCami": null }, "geometry": { "type": "MultiLineString", "coordinates": [ [ [ -62.614182715993778, -34.122736388073619 ], [ -62.616608045368558, -34.131943759744352 ] ] ] } },
{ "type": "Feature", "properties": { "Longitud K": null, "id": null, "Estado": null, "Espejo Agu": null, "NombreCami": null }, "geometry": { "type": "MultiLineString", "coordinates": [ [ [ -62.641652858236974, -34.136666933630032 ], [ -62.586714729761361, -34.146416383770898 ] ] ] } },
{ "type": "Feature", "properties": { "Longitud K": null, "id": null, "Estado": null, "Espejo Agu": null, "NombreCami": null }, "geometry": { "type": "MultiLineString", "coordinates": [ [ [ -62.628963187412204, -34.138920046662236 ], [ -62.624284847131875, -34.120931110103008 ] ] ] } },
{ "type": "Feature", "properties": { "Longitud K": null, "id": null, "Estado": null, "Espejo Agu": null, "NombreCami": null }, "geometry": { "type": "MultiLineString", "coordinates": [ [ [ -62.678836586279949, -34.134883924647362 ], [ -62.642859430351521, -34.14136023350801 ] ] ] } },
{ "type": "Feature", "properties": { "Longitud K": null, "id": null, "Estado": null, "Espejo Agu": null, "NombreCami": null }, "geometry": { "type": "MultiLineString", "coordinates": [ [ [ -62.671475531461105, -34.152575072033748 ], [ -62.673397341534901, -34.159984721174354 ] ] ] } },
{ "type": "Feature", "properties": { "Longitud K": null, "id": null, "Estado": null, "Espejo Agu": null, "NombreCami": null }, "geometry": { "type": "MultiLineString", "coordinates": [ ] } },
{ "type": "Feature", "properties": { "Longitud K": null, "id": null, "Estado": null, "Espejo Agu": null, "NombreCami": null }, "geometry": { "type": "MultiLineString", "coordinates": [ [ [ -62.645827384079674, -34.273609510704723 ], [ -62.648239839292614, -34.282847817596249 ] ] ] } },
{ "type": "Feature", "properties": { "Longitud K": "6.21", "id": "23", "Estado": "Abierto", "Espejo Agu": null, "NombreCami": "Camino N� 23" }, "geometry": { "type": "MultiLineString", "coordinates": [ [ [ -62.686657029368178, -34.265096085081169 ], [ -62.645786206853025, -34.273399548962352 ], [ -62.645786206853025, -34.273399548962352 ], [ -62.621087649318007, -34.278221489976055 ] ] ] } },
{ "type": "Feature", "properties": { "Longitud K": "5.024", "id": "3", "Estado": "Abierto", "Espejo Agu": null, "NombreCami": "Camino N� 3" }, "geometry": { "type": "MultiLineString", "coordinates": [ [ [ -62.723168657954936, -34.257554558992574 ], [ -62.724425483879358, -34.256759901555206 ], [ -62.725400378971365, -34.255804510794832 ], [ -62.727475848451888, -34.253741093809587 ], [ -62.729748939199006, -34.251555686613656 ], [ -62.759035033175174, -34.223513142534472 ] ] ] } },
{ "type": "Feature", "properties": { "Longitud K": "5.13", "id": "31", "Estado": "Abierto", "Espejo Agu": null, "NombreCami": "Camino N� 31" }, "geometry": { "type": "MultiLineString", "coordinates": [ [ [ -62.723284371081775, -34.257902217018987 ], [ -62.777382101122306, -34.247006629587794 ] ] ] } },
{ "type": "Feature", "properties": { "Longitud K": null, "id": null, "Estado": null, "Espejo Agu": null, "NombreCami": null }, "geometry": { "type": "MultiLineString", "coordinates": [ [ [ -62.730818165723015, -34.256444188836518 ], [ -62.730848759729568, -34.256543232264292 ], [ -62.731796472644042, -34.256516335773497 ], [ -62.733087344747759, -34.256480212324803 ], [ -62.733927512845703, -34.256512763741995 ], [ -62.735477359799404, -34.256777809011794 ], [ -62.736962328580411, -34.257227172554217 ], [ -62.738300567772725, -34.257840520707653 ], [ -62.739617971263478, -34.258793406723647 ], [ -62.740610149602503, -34.259599094366251 ], [ -62.749691079408095, -34.268101418075418 ], [ -62.752441704802877, -34.270839838765596 ] ] ] } },
{ "type": "Feature", "properties": { "Longitud K": null, "id": null, "Estado": null, "Espejo Agu": null, "NombreCami": null }, "geometry": { "type": "MultiLineString", "coordinates": [ [ [ -62.599579713257519, -34.195770717840752 ], [ -62.566860194410793, -34.201358291341307 ] ] ] } },
{ "type": "Feature", "properties": { "Longitud K": null, "id": null, "Estado": null, "Espejo Agu": null, "NombreCami": null }, "geometry": { "type": "MultiLineString", "coordinates": [ ] } },
{ "type": "Feature", "properties": { "Longitud K": null, "id": null, "Estado": null, "Espejo Agu": null, "NombreCami": null }, "geometry": { "type": "MultiLineString", "coordinates": [ [ [ -62.628635941943678, -34.33132881881609 ], [ -62.68948583262749, -34.319735272971634 ] ] ] } },
{ "type": "Feature", "properties": { "Longitud K": null, "id": null, "Estado": null, "Espejo Agu": null, "NombreCami": null }, "geometry": { "type": "MultiLineString", "coordinates": [ [ [ -62.657241527367802, -34.322105369760195 ], [ -62.658150434088803, -34.32570933432573 ] ] ] } },
{ "type": "Feature", "properties": { "Longitud K": null, "id": null, "Estado": null, "Espejo Agu": null, "NombreCami": null }, "geometry": { "type": "MultiLineString", "coordinates": [ [ [ -62.628635941943678, -34.33132881881609 ], [ -62.620165506241598, -34.297410383669472 ] ] ] } },
{ "type": "Feature", "properties": { "Longitud K": "8.22", "id": "44", "Estado": "Abierto", "Espejo Agu": null, "NombreCami": "Camino N� 44" }, "geometry": { "type": "MultiLineString", "coordinates": [ [ [ -62.752441704802877, -34.270839838765596 ], [ -62.767626745708704, -34.284923137064673 ], [ -62.767626745708704, -34.284923137064673 ], [ -62.811854085738837, -34.326081498198384 ] ] ] } },
{ "type": "Feature", "properties": { "Longitud K": "5.16", "id": "26", "Estado": "Abierto", "Espejo Agu": null, "NombreCami": "Camino N� 26" }, "geometry": { "type": "MultiLineString", "coordinates": [ [ [ -62.697633924119714, -34.251701324156599 ], [ -62.642990794695223, -34.261820340772211 ] ] ] } },
{ "type": "Feature", "properties": { "Longitud K": null, "id": null, "Estado": null, "Espejo Agu": null, "NombreCami": null }, "geometry": { "type": "MultiLineString", "coordinates": [ ] } },
{ "type": "Feature", "properties": { "Longitud K": null, "id": null, "Estado": null, "Espejo Agu": null, "NombreCami": null }, "geometry": { "type": "MultiLineString", "coordinates": [ ] } },
{ "type": "Feature", "properties": { "Longitud K": "10.273", "id": "27", "Estado": "Abierto", "Espejo Agu": null, "NombreCami": "Camino N� 27" }, "geometry": { "type": "MultiLineString", "coordinates": [ [ [ -62.555920604829545, -34.386057500006132 ], [ -62.539955561953811, -34.342712336511489 ], [ -62.543792946097803, -34.335205305246802 ], [ -62.553884531393365, -34.330814511735817 ], [ -62.546603491810806, -34.301900439917873 ], [ -62.546769545907125, -34.301669013585403 ], [ -62.545766001210545, -34.29389526588028 ] ] ] } },
{ "type": "Feature", "properties": { "Longitud K": "10.40", "id": "42", "Estado": "Abierto", "Espejo Agu": null, "NombreCami": "Camino N� 42" }, "geometry": { "type": "MultiLineString", "coordinates": [ [ [ -62.581833367482787, -34.128588232698611 ], [ -62.552606983158547, -34.133779155289837 ], [ -62.526623616990548, -34.138452130916377 ], [ -62.507093453239257, -34.141947817053108 ], [ -62.503533450325619, -34.142585304593766 ], [ -62.471645272874277, -34.148405328122237 ] ] ] } },
{ "type": "Feature", "properties": { "Longitud K": null, "id": null, "Estado": null, "Espejo Agu": null, "NombreCami": null }, "geometry": { "type": "MultiLineString", "coordinates": [ [ [ -62.534431612131343, -33.944813318476683 ], [ -62.544908319123394, -33.943012947542805 ] ] ] } },
{ "type": "Feature", "properties": { "Longitud K": null, "id": null, "Estado": null, "Espejo Agu": null, "NombreCami": "Nº 43" }, "geometry": { "type": "MultiLineString", "coordinates": [ [ [ -62.537387005932601, -33.953788043072826 ], [ -62.536437545392751, -33.95297820157954 ], [ -62.534431612131343, -33.944813318476683 ] ] ] } },
{ "type": "Feature", "properties": { "Longitud K": "11.276", "id": "1S", "Estado": "Abierto", "Espejo Agu": null, "NombreCami": "Camino Pcial. 1S" }, "geometry": { "type": "MultiLineString", "coordinates": [ [ [ -62.680861432246502, -34.28707035406606 ], [ -62.707055171152419, -34.386299490092185 ] ] ] } },
{ "type": "Feature", "properties": { "Longitud K": null, "id": null, "Estado": null, "Espejo Agu": null, "NombreCami": null }, "geometry": { "type": "MultiLineString", "coordinates": [ [ [ -62.765176333157818, -34.259117520404921 ], [ -62.762778617219197, -34.249848350611927 ] ] ] } },
{ "type": "Feature", "properties": { "Longitud K": "6.46", "id": "4", "Estado": "Abierto", "Espejo Agu": null, "NombreCami": "Camino N� 4" }, "geometry": { "type": "MultiLineString", "coordinates": [ [ [ -62.612100822890795, -34.243524953652887 ], [ -62.705323672445346, -34.22623535421701 ] ] ] } },
{ "type": "Feature", "properties": { "Longitud K": null, "id": "1", "Estado": null, "Espejo Agu": null, "NombreCami": null }, "geometry": { "type": "MultiLineString", "coordinates": [ ] } },
{ "type": "Feature", "properties": { "Longitud K": null, "id": "1", "Estado": null, "Espejo Agu": null, "NombreCami": null }, "geometry": { "type": "MultiLineString", "coordinates": [ ] } }
]
}
